timestamp_utc,status,run_id,scenario,class_label,impairment_level,tx_success,rx_success,seed,duration_s,warmup_s,analysis_s,source_csc,output_log,boot_count,final_metric_count,complete_marker,fallback_marker,test_ok,output_log_sha256
2026-07-18T15:57:56+00:00,completed,Clean_seed1001_600s,Clean,normal,clean,1.0,1.0,1001,600,120,480,/home/ubuntu/AirGuard-6LoWPAN/simulations/baseline/AirGuard_Baseline_CrossLayer.csc,/home/ubuntu/AirGuard-6LoWPAN/raw-data/mote-logs/cross-layer-v1_1/final-600s/Clean/AirGuard_Clean_N16_600s_seed1001.log,16,16,True,False,True,53180e35073a13cf264d57c74bda16e8b8598fa07d949ebf471d719fc618a0c5
2026-07-18T15:58:04+00:00,completed,Clean_seed1002_600s,Clean,normal,clean,1.0,1.0,1002,600,120,480,/home/ubuntu/AirGuard-6LoWPAN/simulations/baseline/AirGuard_Baseline_CrossLayer.csc,/home/ubuntu/AirGuard-6LoWPAN/raw-data/mote-logs/cross-layer-v1_1/final-600s/Clean/AirGuard_Clean_N16_600s_seed1002.log,16,16,True,False,True,6950f3de031fc594c771300246d4bd3181f6684cceb70808f1d1d73d3f18c478
2026-07-18T15:58:11+00:00,completed,Clean_seed1003_600s,Clean,normal,clean,1.0,1.0,1003,600,120,480,/home/ubuntu/AirGuard-6LoWPAN/simulations/baseline/AirGuard_Baseline_CrossLayer.csc,/home/ubuntu/AirGuard-6LoWPAN/raw-data/mote-logs/cross-layer-v1_1/final-600s/Clean/AirGuard_Clean_N16_600s_seed1003.log,16,16,True,False,True,947d9a70bda6fe62b1c01f4fb282e2ff5d653474f1d8ebc635ff5e7596634009
2026-07-18T15:58:19+00:00,completed,Clean_seed1004_600s,Clean,normal,clean,1.0,1.0,1004,600,120,480,/home/ubuntu/AirGuard-6LoWPAN/simulations/baseline/AirGuard_Baseline_CrossLayer.csc,/home/ubuntu/AirGuard-6LoWPAN/raw-data/mote-logs/cross-layer-v1_1/final-600s/Clean/AirGuard_Clean_N16_600s_seed1004.log,16,16,True,False,True,4e883defeabb9ed33bd72ac1693d8bf3c255ef20fac70fd20afa0321d59c16da
2026-07-18T15:58:26+00:00,completed,Clean_seed1005_600s,Clean,normal,clean,1.0,1.0,1005,600,120,480,/home/ubuntu/AirGuard-6LoWPAN/simulations/baseline/AirGuard_Baseline_CrossLayer.csc,/home/ubuntu/AirGuard-6LoWPAN/raw-data/mote-logs/cross-layer-v1_1/final-600s/Clean/AirGuard_Clean_N16_600s_seed1005.log,16,16,True,False,True,7e8953ca629bc88d831dffd28d862fad506b6840defa18a4650a2b52d6c8e108
2026-07-18T15:58:34+00:00,completed,Clean_seed1006_600s,Clean,normal,clean,1.0,1.0,1006,600,120,480,/home/ubuntu/AirGuard-6LoWPAN/simulations/baseline/AirGuard_Baseline_CrossLayer.csc,/home/ubuntu/AirGuard-6LoWPAN/raw-data/mote-logs/cross-layer-v1_1/final-600s/Clean/AirGuard_Clean_N16_600s_seed1006.log,16,16,True,False,True,c5f325ce6d5e75bae91447f97855946541b5db53c8de15b7f3ad5123024bc63c
2026-07-18T15:58:41+00:00,completed,Clean_seed1007_600s,Clean,normal,clean,1.0,1.0,1007,600,120,480,/home/ubuntu/AirGuard-6LoWPAN/simulations/baseline/AirGuard_Baseline_CrossLayer.csc,/home/ubuntu/AirGuard-6LoWPAN/raw-data/mote-logs/cross-layer-v1_1/final-600s/Clean/AirGuard_Clean_N16_600s_seed1007.log,16,16,True,False,True,23466ed83e40490a4de5c44bf40dbc6388901da3ed28efd37d239fb86b2c47b2
2026-07-18T15:58:49+00:00,completed,Clean_seed1008_600s,Clean,normal,clean,1.0,1.0,1008,600,120,480,/home/ubuntu/AirGuard-6LoWPAN/simulations/baseline/AirGuard_Baseline_CrossLayer.csc,/home/ubuntu/AirGuard-6LoWPAN/raw-data/mote-logs/cross-layer-v1_1/final-600s/Clean/AirGuard_Clean_N16_600s_seed1008.log,16,16,True,False,True,8418e22b41e03335b884f5a9e90e3f09eb23f32b1eefba618e5a6f35f8e4d66e
2026-07-18T15:58:56+00:00,completed,Clean_seed1009_600s,Clean,normal,clean,1.0,1.0,1009,600,120,480,/home/ubuntu/AirGuard-6LoWPAN/simulations/baseline/AirGuard_Baseline_CrossLayer.csc,/home/ubuntu/AirGuard-6LoWPAN/raw-data/mote-logs/cross-layer-v1_1/final-600s/Clean/AirGuard_Clean_N16_600s_seed1009.log,16,16,True,False,True,8c9a96231787064eb8ab830e35b9add493ac558c4fd51479857db6702b3c5a89
2026-07-18T15:59:03+00:00,completed,Clean_seed1010_600s,Clean,normal,clean,1.0,1.0,1010,600,120,480,/home/ubuntu/AirGuard-6LoWPAN/simulations/baseline/AirGuard_Baseline_CrossLayer.csc,/home/ubuntu/AirGuard-6LoWPAN/raw-data/mote-logs/cross-layer-v1_1/final-600s/Clean/AirGuard_Clean_N16_600s_seed1010.log,16,16,True,False,True,a6c34667a23d0a24715e9c27f1c5f45e94981b3e3b0958784d2857a68ce1581a
2026-07-18T15:59:11+00:00,completed,RX90_seed1001_600s,RX90,impairment,light,1.0,0.9,1001,600,120,480,/home/ubuntu/AirGuard-6LoWPAN/simulations/impairment/AirGuard_Impairment_RX90_CrossLayer.csc,/home/ubuntu/AirGuard-6LoWPAN/raw-data/mote-logs/cross-layer-v1_1/final-600s/RX90/AirGuard_RX90_N16_600s_seed1001.log,16,16,True,False,True,00a89b22d4d74b41d7bc4501630e2a7749d47a911ac0ce505b95ed5ce7ea458f
2026-07-18T15:59:19+00:00,completed,RX90_seed1002_600s,RX90,impairment,light,1.0,0.9,1002,600,120,480,/home/ubuntu/AirGuard-6LoWPAN/simulations/impairment/AirGuard_Impairment_RX90_CrossLayer.csc,/home/ubuntu/AirGuard-6LoWPAN/raw-data/mote-logs/cross-layer-v1_1/final-600s/RX90/AirGuard_RX90_N16_600s_seed1002.log,16,16,True,False,True,d0c9f174628406834427cf6e3ca420757461a836403b584750140712cd49beea
2026-07-18T15:59:26+00:00,completed,RX90_seed1003_600s,RX90,impairment,light,1.0,0.9,1003,600,120,480,/home/ubuntu/AirGuard-6LoWPAN/simulations/impairment/AirGuard_Impairment_RX90_CrossLayer.csc,/home/ubuntu/AirGuard-6LoWPAN/raw-data/mote-logs/cross-layer-v1_1/final-600s/RX90/AirGuard_RX90_N16_600s_seed1003.log,16,16,True,False,True,a3a2dbba37345e456503fe8927ebb75a928939a2cc2afac73d9e4e003ebe1212
2026-07-18T15:59:34+00:00,completed,RX90_seed1004_600s,RX90,impairment,light,1.0,0.9,1004,600,120,480,/home/ubuntu/AirGuard-6LoWPAN/simulations/impairment/AirGuard_Impairment_RX90_CrossLayer.csc,/home/ubuntu/AirGuard-6LoWPAN/raw-data/mote-logs/cross-layer-v1_1/final-600s/RX90/AirGuard_RX90_N16_600s_seed1004.log,16,16,True,False,True,a398dd696daff5dec5c3ae192fe494fe08ff67363e9c1b73a66c005509aa827d
2026-07-18T15:59:41+00:00,completed,RX90_seed1005_600s,RX90,impairment,light,1.0,0.9,1005,600,120,480,/home/ubuntu/AirGuard-6LoWPAN/simulations/impairment/AirGuard_Impairment_RX90_CrossLayer.csc,/home/ubuntu/AirGuard-6LoWPAN/raw-data/mote-logs/cross-layer-v1_1/final-600s/RX90/AirGuard_RX90_N16_600s_seed1005.log,16,16,True,False,True,0f42849a71cc1744a0a825d596aeda1447903cfb5355999ecb9cf66608469b68
2026-07-18T15:59:49+00:00,completed,RX90_seed1006_600s,RX90,impairment,light,1.0,0.9,1006,600,120,480,/home/ubuntu/AirGuard-6LoWPAN/simulations/impairment/AirGuard_Impairment_RX90_CrossLayer.csc,/home/ubuntu/AirGuard-6LoWPAN/raw-data/mote-logs/cross-layer-v1_1/final-600s/RX90/AirGuard_RX90_N16_600s_seed1006.log,16,16,True,False,True,9e008c6e28e771d6117a783b7e6118cc6e89ecb45257ba6daf575909eee5320b
2026-07-18T15:59:57+00:00,completed,RX90_seed1007_600s,RX90,impairment,light,1.0,0.9,1007,600,120,480,/home/ubuntu/AirGuard-6LoWPAN/simulations/impairment/AirGuard_Impairment_RX90_CrossLayer.csc,/home/ubuntu/AirGuard-6LoWPAN/raw-data/mote-logs/cross-layer-v1_1/final-600s/RX90/AirGuard_RX90_N16_600s_seed1007.log,16,16,True,False,True,6449ca7906c5d9e57bae8da891d0d2fe752551beb13a9a920ecd3de393853d34
2026-07-18T16:00:04+00:00,completed,RX90_seed1008_600s,RX90,impairment,light,1.0,0.9,1008,600,120,480,/home/ubuntu/AirGuard-6LoWPAN/simulations/impairment/AirGuard_Impairment_RX90_CrossLayer.csc,/home/ubuntu/AirGuard-6LoWPAN/raw-data/mote-logs/cross-layer-v1_1/final-600s/RX90/AirGuard_RX90_N16_600s_seed1008.log,16,16,True,False,True,38e17f3e001193e9802e4dde2bdeeaef1b6b2229f02a0090e5d2f0ee8122515f
2026-07-18T16:00:12+00:00,completed,RX90_seed1009_600s,RX90,impairment,light,1.0,0.9,1009,600,120,480,/home/ubuntu/AirGuard-6LoWPAN/simulations/impairment/AirGuard_Impairment_RX90_CrossLayer.csc,/home/ubuntu/AirGuard-6LoWPAN/raw-data/mote-logs/cross-layer-v1_1/final-600s/RX90/AirGuard_RX90_N16_600s_seed1009.log,16,16,True,False,True,50fa7fea0b0b473955920dfc76d0717270f9806adf477b417077b93f99fca6b2
2026-07-18T16:00:20+00:00,completed,RX90_seed1010_600s,RX90,impairment,light,1.0,0.9,1010,600,120,480,/home/ubuntu/AirGuard-6LoWPAN/simulations/impairment/AirGuard_Impairment_RX90_CrossLayer.csc,/home/ubuntu/AirGuard-6LoWPAN/raw-data/mote-logs/cross-layer-v1_1/final-600s/RX90/AirGuard_RX90_N16_600s_seed1010.log,16,16,True,False,True,52a76ee432acf7340eaea2131f719ed2ca10c90de737a866e79b21556897f2e8
2026-07-18T16:00:27+00:00,completed,RX75_seed1001_600s,RX75,impairment,moderate,1.0,0.75,1001,600,120,480,/home/ubuntu/AirGuard-6LoWPAN/simulations/impairment/AirGuard_Impairment_RX75_CrossLayer.csc,/home/ubuntu/AirGuard-6LoWPAN/raw-data/mote-logs/cross-layer-v1_1/final-600s/RX75/AirGuard_RX75_N16_600s_seed1001.log,16,16,True,False,True,3485c90a33d7911b29729c03dd6ef5513f975f4dad5b7ac4611d6069c765752a
2026-07-18T16:00:36+00:00,completed,RX75_seed1002_600s,RX75,impairment,moderate,1.0,0.75,1002,600,120,480,/home/ubuntu/AirGuard-6LoWPAN/simulations/impairment/AirGuard_Impairment_RX75_CrossLayer.csc,/home/ubuntu/AirGuard-6LoWPAN/raw-data/mote-logs/cross-layer-v1_1/final-600s/RX75/AirGuard_RX75_N16_600s_seed1002.log,16,16,True,False,True,67b43c2e39737f91f582b4677ad3bdbcbfce5f2adbd3e6c337b85d95d869b2f1
2026-07-18T16:00:44+00:00,completed,RX75_seed1003_600s,RX75,impairment,moderate,1.0,0.75,1003,600,120,480,/home/ubuntu/AirGuard-6LoWPAN/simulations/impairment/AirGuard_Impairment_RX75_CrossLayer.csc,/home/ubuntu/AirGuard-6LoWPAN/raw-data/mote-logs/cross-layer-v1_1/final-600s/RX75/AirGuard_RX75_N16_600s_seed1003.log,16,16,True,False,True,dad43b7ae4219c179b58bd232220770da352376707ed70b9bb9bbbac859b5b36
2026-07-18T16:00:52+00:00,completed,RX75_seed1004_600s,RX75,impairment,moderate,1.0,0.75,1004,600,120,480,/home/ubuntu/AirGuard-6LoWPAN/simulations/impairment/AirGuard_Impairment_RX75_CrossLayer.csc,/home/ubuntu/AirGuard-6LoWPAN/raw-data/mote-logs/cross-layer-v1_1/final-600s/RX75/AirGuard_RX75_N16_600s_seed1004.log,16,16,True,False,True,efa96021ede5e072cadfd2eb8ce8c04deacbfb06eb039d9024400bb3c28b8284
2026-07-18T16:01:00+00:00,completed,RX75_seed1005_600s,RX75,impairment,moderate,1.0,0.75,1005,600,120,480,/home/ubuntu/AirGuard-6LoWPAN/simulations/impairment/AirGuard_Impairment_RX75_CrossLayer.csc,/home/ubuntu/AirGuard-6LoWPAN/raw-data/mote-logs/cross-layer-v1_1/final-600s/RX75/AirGuard_RX75_N16_600s_seed1005.log,16,16,True,False,True,4605adc78e54db4e0c4cd773f11878b3007a4c5a9e85f9688d8861a93b8addfe
2026-07-18T16:01:08+00:00,completed,RX75_seed1006_600s,RX75,impairment,moderate,1.0,0.75,1006,600,120,480,/home/ubuntu/AirGuard-6LoWPAN/simulations/impairment/AirGuard_Impairment_RX75_CrossLayer.csc,/home/ubuntu/AirGuard-6LoWPAN/raw-data/mote-logs/cross-layer-v1_1/final-600s/RX75/AirGuard_RX75_N16_600s_seed1006.log,16,16,True,False,True,525151de1c3a94347f7007675f55c086643016ad5387a6bd12edec9b8148f767
2026-07-18T16:01:16+00:00,completed,RX75_seed1007_600s,RX75,impairment,moderate,1.0,0.75,1007,600,120,480,/home/ubuntu/AirGuard-6LoWPAN/simulations/impairment/AirGuard_Impairment_RX75_CrossLayer.csc,/home/ubuntu/AirGuard-6LoWPAN/raw-data/mote-logs/cross-layer-v1_1/final-600s/RX75/AirGuard_RX75_N16_600s_seed1007.log,16,16,True,False,True,7fd58812eb7eeb46ec360c6594c5cae6f6e77f81e50667974a0dd40a58980708
2026-07-18T16:01:24+00:00,completed,RX75_seed1008_600s,RX75,impairment,moderate,1.0,0.75,1008,600,120,480,/home/ubuntu/AirGuard-6LoWPAN/simulations/impairment/AirGuard_Impairment_RX75_CrossLayer.csc,/home/ubuntu/AirGuard-6LoWPAN/raw-data/mote-logs/cross-layer-v1_1/final-600s/RX75/AirGuard_RX75_N16_600s_seed1008.log,16,16,True,False,True,a4d03faf24e833fdb332ea02280890547ff50d501289faea4bb844ba09062423
2026-07-18T16:01:32+00:00,completed,RX75_seed1009_600s,RX75,impairment,moderate,1.0,0.75,1009,600,120,480,/home/ubuntu/AirGuard-6LoWPAN/simulations/impairment/AirGuard_Impairment_RX75_CrossLayer.csc,/home/ubuntu/AirGuard-6LoWPAN/raw-data/mote-logs/cross-layer-v1_1/final-600s/RX75/AirGuard_RX75_N16_600s_seed1009.log,16,16,True,False,True,87b1560cdf74710bb9b36ef2f0f58e226d666d0836e8b6625ce93ad8ee786a82
2026-07-18T16:01:40+00:00,completed,RX75_seed1010_600s,RX75,impairment,moderate,1.0,0.75,1010,600,120,480,/home/ubuntu/AirGuard-6LoWPAN/simulations/impairment/AirGuard_Impairment_RX75_CrossLayer.csc,/home/ubuntu/AirGuard-6LoWPAN/raw-data/mote-logs/cross-layer-v1_1/final-600s/RX75/AirGuard_RX75_N16_600s_seed1010.log,16,16,True,False,True,ed85eaa22ca2ec6c515a035fc22b05c6d0554f8e84e4233cc41e2f9ede392894
2026-07-18T16:01:49+00:00,completed,RX60_seed1001_600s,RX60,impairment,heavy,1.0,0.6,1001,600,120,480,/home/ubuntu/AirGuard-6LoWPAN/simulations/impairment/AirGuard_Impairment_RX60_CrossLayer.csc,/home/ubuntu/AirGuard-6LoWPAN/raw-data/mote-logs/cross-layer-v1_1/final-600s/RX60/AirGuard_RX60_N16_600s_seed1001.log,16,16,True,False,True,9bc2aa5faf965be3e9cc676f075331eb2456b6dacac1dca01d3261e08c187c46
2026-07-18T16:01:58+00:00,completed,RX60_seed1002_600s,RX60,impairment,heavy,1.0,0.6,1002,600,120,480,/home/ubuntu/AirGuard-6LoWPAN/simulations/impairment/AirGuard_Impairment_RX60_CrossLayer.csc,/home/ubuntu/AirGuard-6LoWPAN/raw-data/mote-logs/cross-layer-v1_1/final-600s/RX60/AirGuard_RX60_N16_600s_seed1002.log,16,16,True,False,True,e70312ef6a24a9af8633f8400abc1d0bc77f69c98e7c57cd9f15dac392ffece6
2026-07-18T16:02:07+00:00,completed,RX60_seed1003_600s,RX60,impairment,heavy,1.0,0.6,1003,600,120,480,/home/ubuntu/AirGuard-6LoWPAN/simulations/impairment/AirGuard_Impairment_RX60_CrossLayer.csc,/home/ubuntu/AirGuard-6LoWPAN/raw-data/mote-logs/cross-layer-v1_1/final-600s/RX60/AirGuard_RX60_N16_600s_seed1003.log,16,16,True,False,True,660e985dbd60f10b5baff8a916b086ab3d7962751fd1a2092e7c6e1cd1bb0c19
2026-07-18T16:02:15+00:00,completed,RX60_seed1004_600s,RX60,impairment,heavy,1.0,0.6,1004,600,120,480,/home/ubuntu/AirGuard-6LoWPAN/simulations/impairment/AirGuard_Impairment_RX60_CrossLayer.csc,/home/ubuntu/AirGuard-6LoWPAN/raw-data/mote-logs/cross-layer-v1_1/final-600s/RX60/AirGuard_RX60_N16_600s_seed1004.log,16,16,True,False,True,a03b81f3eebf79d1adcd634f2aa02ac8157c76e69529aec436ca5805812005ec
2026-07-18T16:02:24+00:00,completed,RX60_seed1005_600s,RX60,impairment,heavy,1.0,0.6,1005,600,120,480,/home/ubuntu/AirGuard-6LoWPAN/simulations/impairment/AirGuard_Impairment_RX60_CrossLayer.csc,/home/ubuntu/AirGuard-6LoWPAN/raw-data/mote-logs/cross-layer-v1_1/final-600s/RX60/AirGuard_RX60_N16_600s_seed1005.log,16,16,True,False,True,3946d8e5592827d424666a9f61f5b7a21f7771885a419a16546f68c8aa7474ad
2026-07-18T16:02:33+00:00,completed,RX60_seed1006_600s,RX60,impairment,heavy,1.0,0.6,1006,600,120,480,/home/ubuntu/AirGuard-6LoWPAN/simulations/impairment/AirGuard_Impairment_RX60_CrossLayer.csc,/home/ubuntu/AirGuard-6LoWPAN/raw-data/mote-logs/cross-layer-v1_1/final-600s/RX60/AirGuard_RX60_N16_600s_seed1006.log,16,16,True,False,True,a7a04ec38c8715fc6aac5a16867124c5541acf33ec64a4a13c184edf5fa66cad
2026-07-18T16:02:42+00:00,completed,RX60_seed1007_600s,RX60,impairment,heavy,1.0,0.6,1007,600,120,480,/home/ubuntu/AirGuard-6LoWPAN/simulations/impairment/AirGuard_Impairment_RX60_CrossLayer.csc,/home/ubuntu/AirGuard-6LoWPAN/raw-data/mote-logs/cross-layer-v1_1/final-600s/RX60/AirGuard_RX60_N16_600s_seed1007.log,16,16,True,False,True,13ab8bc9a5883dd243bcf74dfdcf577f56e6eea8184722567d5939b3a1308b35
2026-07-18T16:02:50+00:00,completed,RX60_seed1008_600s,RX60,impairment,heavy,1.0,0.6,1008,600,120,480,/home/ubuntu/AirGuard-6LoWPAN/simulations/impairment/AirGuard_Impairment_RX60_CrossLayer.csc,/home/ubuntu/AirGuard-6LoWPAN/raw-data/mote-logs/cross-layer-v1_1/final-600s/RX60/AirGuard_RX60_N16_600s_seed1008.log,16,16,True,False,True,12809c80e38fc66a7f105a1b67113f41429b15c95ccf6e2f560870051f2c50e5
2026-07-18T16:02:59+00:00,completed,RX60_seed1009_600s,RX60,impairment,heavy,1.0,0.6,1009,600,120,480,/home/ubuntu/AirGuard-6LoWPAN/simulations/impairment/AirGuard_Impairment_RX60_CrossLayer.csc,/home/ubuntu/AirGuard-6LoWPAN/raw-data/mote-logs/cross-layer-v1_1/final-600s/RX60/AirGuard_RX60_N16_600s_seed1009.log,16,16,True,False,True,97fe55334104eb024ef8126b33714b0df74736cd291624a47def5573f3767819
2026-07-18T16:03:08+00:00,completed,RX60_seed1010_600s,RX60,impairment,heavy,1.0,0.6,1010,600,120,480,/home/ubuntu/AirGuard-6LoWPAN/simulations/impairment/AirGuard_Impairment_RX60_CrossLayer.csc,/home/ubuntu/AirGuard-6LoWPAN/raw-data/mote-logs/cross-layer-v1_1/final-600s/RX60/AirGuard_RX60_N16_600s_seed1010.log,16,16,True,False,True,28a253daa54e0d749ae77dca2e3bf7842bd043115715094628a79aaa5dff8446
