task,feature_set,model,configuration,metric,point_estimate,ci_low_95,ci_high_95,bootstrap_iterations,cluster_unit,seed_count
attack_subtype,all,extra_trees,attack_subtype__all__extra_trees,accuracy,0.9941176470588236,0.9911764705882353,0.9970588235294118,5000,seed,10
attack_subtype,all,extra_trees,attack_subtype__all__extra_trees,balanced_accuracy,0.9941176470588236,0.9911764705882353,0.9970588235294118,5000,seed,10
attack_subtype,all,extra_trees,attack_subtype__all__extra_trees,macro_f1,0.994117443510156,0.9911755354698054,0.9970588171687224,5000,seed,10
attack_subtype,all,extra_trees,attack_subtype__all__extra_trees,weighted_f1,0.9941174435101561,0.9911755354698054,0.9970588171687222,5000,seed,10
attack_subtype,all,extra_trees,attack_subtype__all__extra_trees,mcc,0.9911993358885507,0.9868344241564904,0.99560115407803,5000,seed,10
attack_subtype,all,logistic,attack_subtype__all__logistic,accuracy,0.9245098039215687,0.8578431372549019,0.9784313725490196,5000,seed,10
attack_subtype,all,logistic,attack_subtype__all__logistic,balanced_accuracy,0.9245098039215686,0.8578431372549019,0.9784313725490197,5000,seed,10
attack_subtype,all,logistic,attack_subtype__all__logistic,macro_f1,0.9241157770632835,0.852871505045418,0.978409333065828,5000,seed,10
attack_subtype,all,logistic,attack_subtype__all__logistic,weighted_f1,0.9241157770632835,0.8528715050454181,0.978409333065828,5000,seed,10
attack_subtype,all,logistic,attack_subtype__all__logistic,mcc,0.8898504060581541,0.805110779209936,0.9683229987975843,5000,seed,10
attack_subtype,all,random_forest,attack_subtype__all__random_forest,accuracy,0.9892156862745098,0.9833333333333333,0.9950980392156863,5000,seed,10
attack_subtype,all,random_forest,attack_subtype__all__random_forest,balanced_accuracy,0.9892156862745098,0.9833333333333334,0.9950980392156863,5000,seed,10
attack_subtype,all,random_forest,attack_subtype__all__random_forest,macro_f1,0.9892145433519843,0.9833289708884317,0.9950977741732,5000,seed,10
attack_subtype,all,random_forest,attack_subtype__all__random_forest,weighted_f1,0.9892145433519843,0.9833289708884317,0.9950977741731999,5000,seed,10
attack_subtype,all,random_forest,attack_subtype__all__random_forest,mcc,0.9838930398818063,0.9751138824062596,0.9926484899786701,5000,seed,10
attack_subtype,application_qos,extra_trees,attack_subtype__application_qos__extra_trees,accuracy,0.4362745098039216,0.40490196078431373,0.4676470588235294,5000,seed,10
attack_subtype,application_qos,extra_trees,attack_subtype__application_qos__extra_trees,balanced_accuracy,0.4362745098039216,0.4049019607843138,0.46764705882352936,5000,seed,10
attack_subtype,application_qos,extra_trees,attack_subtype__application_qos__extra_trees,macro_f1,0.4348694065676823,0.4042807872453457,0.4650159621271022,5000,seed,10
attack_subtype,application_qos,extra_trees,attack_subtype__application_qos__extra_trees,weighted_f1,0.43486940656768225,0.4042807872453458,0.4650159621271023,5000,seed,10
attack_subtype,application_qos,extra_trees,attack_subtype__application_qos__extra_trees,mcc,0.15445474901257542,0.10743805343382637,0.20178063953077277,5000,seed,10
attack_subtype,mac,extra_trees,attack_subtype__mac__extra_trees,accuracy,0.9950980392156863,0.9901960784313726,0.9990196078431373,5000,seed,10
attack_subtype,mac,extra_trees,attack_subtype__mac__extra_trees,balanced_accuracy,0.9950980392156863,0.9901960784313726,0.9990196078431373,5000,seed,10
attack_subtype,mac,extra_trees,attack_subtype__mac__extra_trees,macro_f1,0.9950980286145371,0.9901960784313726,0.9990196057229074,5000,seed,10
attack_subtype,mac,extra_trees,attack_subtype__mac__extra_trees,weighted_f1,0.9950980286145371,0.9901960784313726,0.9990196057229074,5000,seed,10
attack_subtype,mac,extra_trees,attack_subtype__mac__extra_trees,mcc,0.9926484899786701,0.9853445511066312,0.9985308514007658,5000,seed,10
attack_subtype,radio,extra_trees,attack_subtype__radio__extra_trees,accuracy,0.7245098039215686,0.707843137254902,0.7450980392156863,5000,seed,10
attack_subtype,radio,extra_trees,attack_subtype__radio__extra_trees,balanced_accuracy,0.7245098039215686,0.707843137254902,0.7450980392156863,5000,seed,10
attack_subtype,radio,extra_trees,attack_subtype__radio__extra_trees,macro_f1,0.7244806074461466,0.7077192466241456,0.7450429014348546,5000,seed,10
attack_subtype,radio,extra_trees,attack_subtype__radio__extra_trees,weighted_f1,0.7244806074461466,0.7077192466241458,0.7450429014348547,5000,seed,10
attack_subtype,radio,extra_trees,attack_subtype__radio__extra_trees,mcc,0.586806162799463,0.5617647058823529,0.6176613072302541,5000,seed,10
attack_subtype,routing,extra_trees,attack_subtype__routing__extra_trees,accuracy,0.47843137254901963,0.42254901960784313,0.5411764705882353,5000,seed,10
attack_subtype,routing,extra_trees,attack_subtype__routing__extra_trees,balanced_accuracy,0.4784313725490195,0.42254901960784313,0.5411764705882353,5000,seed,10
attack_subtype,routing,extra_trees,attack_subtype__routing__extra_trees,macro_f1,0.4560246512550839,0.3978542109706214,0.5189473097652717,5000,seed,10
attack_subtype,routing,extra_trees,attack_subtype__routing__extra_trees,weighted_f1,0.4560246512550839,0.39785421097062146,0.5189473097652717,5000,seed,10
attack_subtype,routing,extra_trees,attack_subtype__routing__extra_trees,mcc,0.22126781921553476,0.13594288718947742,0.3192671380565966,5000,seed,10
binary_attack,all,extra_trees,binary_attack__all__extra_trees,accuracy,1.0,1.0,1.0,5000,seed,10
binary_attack,all,extra_trees,binary_attack__all__extra_trees,balanced_accuracy,1.0,1.0,1.0,5000,seed,10
binary_attack,all,extra_trees,binary_attack__all__extra_trees,macro_f1,1.0,1.0,1.0,5000,seed,10
binary_attack,all,extra_trees,binary_attack__all__extra_trees,weighted_f1,1.0,1.0,1.0,5000,seed,10
binary_attack,all,extra_trees,binary_attack__all__extra_trees,mcc,1.0,1.0,1.0,5000,seed,10
binary_attack,all,logistic,binary_attack__all__logistic,accuracy,1.0,1.0,1.0,5000,seed,10
binary_attack,all,logistic,binary_attack__all__logistic,balanced_accuracy,1.0,1.0,1.0,5000,seed,10
binary_attack,all,logistic,binary_attack__all__logistic,macro_f1,1.0,1.0,1.0,5000,seed,10
binary_attack,all,logistic,binary_attack__all__logistic,weighted_f1,1.0,1.0,1.0,5000,seed,10
binary_attack,all,logistic,binary_attack__all__logistic,mcc,1.0,1.0,1.0,5000,seed,10
binary_attack,all,random_forest,binary_attack__all__random_forest,accuracy,0.9991596638655462,0.9978991596638656,1.0,5000,seed,10
binary_attack,all,random_forest,binary_attack__all__random_forest,balanced_accuracy,0.9991421568627451,0.9980392156862745,1.0,5000,seed,10
binary_attack,all,random_forest,binary_attack__all__random_forest,macro_f1,0.9991421568627451,0.9978561768499168,1.0,5000,seed,10
binary_attack,all,random_forest,binary_attack__all__random_forest,weighted_f1,0.9991596638655462,0.9978995423001914,1.0,5000,seed,10
binary_attack,all,random_forest,binary_attack__all__random_forest,mcc,0.9982843137254902,0.9957156555730902,1.0,5000,seed,10
binary_attack,application_qos,extra_trees,binary_attack__application_qos__extra_trees,accuracy,0.6436974789915967,0.623109243697479,0.6638655462184874,5000,seed,10
binary_attack,application_qos,extra_trees,binary_attack__application_qos__extra_trees,balanced_accuracy,0.6357843137254902,0.6151930147058824,0.6571078431372549,5000,seed,10
binary_attack,application_qos,extra_trees,binary_attack__application_qos__extra_trees,macro_f1,0.6359133627358164,0.6153039422198389,0.6569848140043834,5000,seed,10
binary_attack,application_qos,extra_trees,binary_attack__application_qos__extra_trees,weighted_f1,0.6435185337903144,0.6233400590114115,0.6638147529484973,5000,seed,10
binary_attack,application_qos,extra_trees,binary_attack__application_qos__extra_trees,mcc,0.27184154662633375,0.23099422048859128,0.3141700711202095,5000,seed,10
binary_attack,mac,extra_trees,binary_attack__mac__extra_trees,accuracy,1.0,1.0,1.0,5000,seed,10
binary_attack,mac,extra_trees,binary_attack__mac__extra_trees,balanced_accuracy,1.0,1.0,1.0,5000,seed,10
binary_attack,mac,extra_trees,binary_attack__mac__extra_trees,macro_f1,1.0,1.0,1.0,5000,seed,10
binary_attack,mac,extra_trees,binary_attack__mac__extra_trees,weighted_f1,1.0,1.0,1.0,5000,seed,10
binary_attack,mac,extra_trees,binary_attack__mac__extra_trees,mcc,1.0,1.0,1.0,5000,seed,10
binary_attack,radio,extra_trees,binary_attack__radio__extra_trees,accuracy,0.9411764705882353,0.9331932773109244,0.9483193277310924,5000,seed,10
binary_attack,radio,extra_trees,binary_attack__radio__extra_trees,balanced_accuracy,0.9404411764705882,0.9330882352941177,0.9477941176470588,5000,seed,10
binary_attack,radio,extra_trees,binary_attack__radio__extra_trees,macro_f1,0.940009103060472,0.9320327195587246,0.9472231582055874,5000,seed,10
binary_attack,radio,extra_trees,binary_attack__radio__extra_trees,weighted_f1,0.9412045999262536,0.9333014965225442,0.9483097402425312,5000,seed,10
binary_attack,radio,extra_trees,binary_attack__radio__extra_trees,mcc,0.8800402720538045,0.8643515869855415,0.8944500328354898,5000,seed,10
binary_attack,routing,extra_trees,binary_attack__routing__extra_trees,accuracy,0.8411764705882353,0.83109243697479,0.8516806722689075,5000,seed,10
binary_attack,routing,extra_trees,binary_attack__routing__extra_trees,balanced_accuracy,0.8482843137254903,0.8372549019607842,0.8605392156862746,5000,seed,10
binary_attack,routing,extra_trees,binary_attack__routing__extra_trees,macro_f1,0.8403619909502262,0.8301252953525118,0.8508745887483372,5000,seed,10
binary_attack,routing,extra_trees,binary_attack__routing__extra_trees,weighted_f1,0.8419909502262444,0.8319143358921666,0.8523956956292554,5000,seed,10
binary_attack,routing,extra_trees,binary_attack__routing__extra_trees,mcc,0.6894241449734942,0.6679663767608592,0.7139407361597359,5000,seed,10
cause_family,all,extra_trees,cause_family__all__extra_trees,accuracy,0.9966386554621849,0.9949579831932773,0.9983193277310924,5000,seed,10
cause_family,all,extra_trees,cause_family__all__extra_trees,balanced_accuracy,0.9921568627450981,0.9882352941176471,0.996078431372549,5000,seed,10
cause_family,all,extra_trees,cause_family__all__extra_trees,macro_f1,0.9947277516153697,0.9920583709441647,0.9973748185171711,5000,seed,10
cause_family,all,extra_trees,cause_family__all__extra_trees,weighted_f1,0.9966227554782643,0.9949219260300081,0.9983153837401668,5000,seed,10
cause_family,all,extra_trees,cause_family__all__extra_trees,mcc,0.9945173647672805,0.9917816598447605,0.997256798619025,5000,seed,10
cause_family,all,logistic,cause_family__all__logistic,accuracy,0.9974789915966387,0.9957983193277311,0.9991596638655462,5000,seed,10
cause_family,all,logistic,cause_family__all__logistic,balanced_accuracy,0.9967320261437909,0.9941176470588236,0.9990196078431373,5000,seed,10
cause_family,all,logistic,cause_family__all__logistic,macro_f1,0.9960860944114609,0.9934768240191013,0.9986928104575163,5000,seed,10
cause_family,all,logistic,cause_family__all__logistic,weighted_f1,0.9974814510887193,0.9958024184811991,0.9991596638655462,5000,seed,10
cause_family,all,logistic,cause_family__all__logistic,mcc,0.9958851913456938,0.9931411660201988,0.9986274509803922,5000,seed,10
cause_family,all,random_forest,cause_family__all__random_forest,accuracy,0.9978991596638656,0.9962079831932773,0.9995798319327731,5000,seed,10
cause_family,all,random_forest,cause_family__all__random_forest,balanced_accuracy,0.9950980392156863,0.9911519607843138,0.9990196078431373,5000,seed,10
cause_family,all,random_forest,cause_family__all__random_forest,macro_f1,0.9967158682725105,0.9940482804370493,0.9993457633486527,5000,seed,10
cause_family,all,random_forest,cause_family__all__random_forest,weighted_f1,0.9978939470382012,0.9961908264483708,0.9995796254625744,5000,seed,10
cause_family,all,random_forest,cause_family__all__random_forest,mcc,0.9965729381344421,0.9938203829137032,0.9993138983837767,5000,seed,10
cause_family,application_qos,extra_trees,cause_family__application_qos__extra_trees,accuracy,0.6285714285714286,0.6130252100840337,0.6457983193277311,5000,seed,10
cause_family,application_qos,extra_trees,cause_family__application_qos__extra_trees,balanced_accuracy,0.5058823529411764,0.49183006535947715,0.5212418300653595,5000,seed,10
cause_family,application_qos,extra_trees,cause_family__application_qos__extra_trees,macro_f1,0.4948866436822906,0.4789635946627451,0.5121635601760446,5000,seed,10
cause_family,application_qos,extra_trees,cause_family__application_qos__extra_trees,weighted_f1,0.6021284761957858,0.5871436310562038,0.6189855826370457,5000,seed,10
cause_family,application_qos,extra_trees,cause_family__application_qos__extra_trees,mcc,0.37128469065708225,0.3449454842360681,0.4019913023274825,5000,seed,10
cause_family,mac,extra_trees,cause_family__mac__extra_trees,accuracy,0.9663865546218487,0.9567226890756303,0.9752100840336134,5000,seed,10
cause_family,mac,extra_trees,cause_family__mac__extra_trees,balanced_accuracy,0.9444444444444445,0.9274509803921568,0.9604575163398693,5000,seed,10
cause_family,mac,extra_trees,cause_family__mac__extra_trees,macro_f1,0.9471908748938236,0.9316602216624198,0.9614757625012256,5000,seed,10
cause_family,mac,extra_trees,cause_family__mac__extra_trees,weighted_f1,0.9662176920276665,0.9563466836194109,0.975271277796059,5000,seed,10
cause_family,mac,extra_trees,cause_family__mac__extra_trees,mcc,0.9450193579289476,0.9291604656861503,0.9595580284962518,5000,seed,10
cause_family,radio,extra_trees,cause_family__radio__extra_trees,accuracy,0.8819327731092437,0.8689075630252101,0.8945378151260505,5000,seed,10
cause_family,radio,extra_trees,cause_family__radio__extra_trees,balanced_accuracy,0.8637254901960784,0.8477124183006536,0.8800653594771242,5000,seed,10
cause_family,radio,extra_trees,cause_family__radio__extra_trees,macro_f1,0.860269789523976,0.8451536087802481,0.8756388929681718,5000,seed,10
cause_family,radio,extra_trees,cause_family__radio__extra_trees,weighted_f1,0.8821006803966147,0.8692599044086445,0.8946656940121487,5000,seed,10
cause_family,radio,extra_trees,cause_family__radio__extra_trees,mcc,0.8077552249123161,0.7870746611945266,0.8283064592279968,5000,seed,10
cause_family,routing,extra_trees,cause_family__routing__extra_trees,accuracy,0.8441176470588235,0.8344537815126051,0.8533613445378151,5000,seed,10
cause_family,routing,extra_trees,cause_family__routing__extra_trees,balanced_accuracy,0.695751633986928,0.6741830065359476,0.7166666666666667,5000,seed,10
cause_family,routing,extra_trees,cause_family__routing__extra_trees,macro_f1,0.6930535826201529,0.6608414480100807,0.7215438398145118,5000,seed,10
cause_family,routing,extra_trees,cause_family__routing__extra_trees,weighted_f1,0.818736161379618,0.8042453411080784,0.8318645616718572,5000,seed,10
cause_family,routing,extra_trees,cause_family__routing__extra_trees,mcc,0.7449808938778605,0.7282544582896733,0.761294091786304,5000,seed,10
impairment_severity,all,extra_trees,impairment_severity__all__extra_trees,accuracy,0.9801470588235294,0.9661764705882353,0.9904411764705883,5000,seed,10
impairment_severity,all,extra_trees,impairment_severity__all__extra_trees,balanced_accuracy,0.9801470588235295,0.9661764705882353,0.9904411764705883,5000,seed,10
impairment_severity,all,extra_trees,impairment_severity__all__extra_trees,macro_f1,0.9801997332663264,0.966265557406523,0.9904409776887235,5000,seed,10
impairment_severity,all,extra_trees,impairment_severity__all__extra_trees,weighted_f1,0.9801997332663264,0.9662655574065231,0.9904409776887235,5000,seed,10
impairment_severity,all,extra_trees,impairment_severity__all__extra_trees,mcc,0.9735680127611377,0.9553841823441408,0.987281306680153,5000,seed,10
impairment_severity,all,logistic,impairment_severity__all__logistic,accuracy,0.9720588235294118,0.9558823529411765,0.9830882352941176,5000,seed,10
impairment_severity,all,logistic,impairment_severity__all__logistic,balanced_accuracy,0.9720588235294119,0.9558823529411765,0.9830882352941177,5000,seed,10
impairment_severity,all,logistic,impairment_severity__all__logistic,macro_f1,0.972022863969465,0.9556109720319305,0.9831050625702048,5000,seed,10
impairment_severity,all,logistic,impairment_severity__all__logistic,weighted_f1,0.972022863969465,0.9556109720319306,0.9831050625702047,5000,seed,10
impairment_severity,all,logistic,impairment_severity__all__logistic,mcc,0.9627680015296731,0.9415829350286725,0.9775165167846059,5000,seed,10
impairment_severity,all,random_forest,impairment_severity__all__random_forest,accuracy,0.9764705882352941,0.9602941176470589,0.9897058823529412,5000,seed,10
impairment_severity,all,random_forest,impairment_severity__all__random_forest,balanced_accuracy,0.9764705882352942,0.9602941176470589,0.9897058823529412,5000,seed,10
impairment_severity,all,random_forest,impairment_severity__all__random_forest,macro_f1,0.9765211796515104,0.9603747130244822,0.9897049846911437,5000,seed,10
impairment_severity,all,random_forest,impairment_severity__all__random_forest,weighted_f1,0.9765211796515103,0.9603747130244821,0.9897049846911438,5000,seed,10
impairment_severity,all,random_forest,impairment_severity__all__random_forest,mcc,0.9686602709083146,0.9477008159566044,0.9863045146231922,5000,seed,10
impairment_severity,application_qos,extra_trees,impairment_severity__application_qos__extra_trees,accuracy,0.5375,0.5044117647058823,0.5794117647058824,5000,seed,10
impairment_severity,application_qos,extra_trees,impairment_severity__application_qos__extra_trees,balanced_accuracy,0.5375,0.5044117647058823,0.5794117647058823,5000,seed,10
impairment_severity,application_qos,extra_trees,impairment_severity__application_qos__extra_trees,macro_f1,0.5341385079165628,0.5009795399810223,0.5750902539331726,5000,seed,10
impairment_severity,application_qos,extra_trees,impairment_severity__application_qos__extra_trees,weighted_f1,0.5341385079165628,0.5009795399810223,0.5750902539331725,5000,seed,10
impairment_severity,application_qos,extra_trees,impairment_severity__application_qos__extra_trees,mcc,0.3835656666447047,0.3394645089029468,0.43953635405050095,5000,seed,10
impairment_severity,mac,extra_trees,impairment_severity__mac__extra_trees,accuracy,0.7492647058823529,0.7272058823529411,0.7669301470588233,5000,seed,10
impairment_severity,mac,extra_trees,impairment_severity__mac__extra_trees,balanced_accuracy,0.7492647058823529,0.7272058823529411,0.7669301470588233,5000,seed,10
impairment_severity,mac,extra_trees,impairment_severity__mac__extra_trees,macro_f1,0.748980574941872,0.7276356719883514,0.7664878137300587,5000,seed,10
impairment_severity,mac,extra_trees,impairment_severity__mac__extra_trees,weighted_f1,0.7489805749418719,0.7276356719883514,0.7664878137300587,5000,seed,10
impairment_severity,mac,extra_trees,impairment_severity__mac__extra_trees,mcc,0.6657856314229473,0.6363019747717771,0.6903909502709501,5000,seed,10
impairment_severity,radio,extra_trees,impairment_severity__radio__extra_trees,accuracy,0.6867647058823529,0.6551470588235294,0.7169117647058824,5000,seed,10
impairment_severity,radio,extra_trees,impairment_severity__radio__extra_trees,balanced_accuracy,0.6867647058823529,0.6551470588235295,0.7169117647058824,5000,seed,10
impairment_severity,radio,extra_trees,impairment_severity__radio__extra_trees,macro_f1,0.6861712749353459,0.6558606407792099,0.7157093166313333,5000,seed,10
impairment_severity,radio,extra_trees,impairment_severity__radio__extra_trees,weighted_f1,0.686171274935346,0.6558606407792098,0.7157093166313333,5000,seed,10
impairment_severity,radio,extra_trees,impairment_severity__radio__extra_trees,mcc,0.5824944669011878,0.5411353003175402,0.6226995281011151,5000,seed,10
impairment_severity,routing,extra_trees,impairment_severity__routing__extra_trees,accuracy,0.9852941176470589,0.9713235294117647,0.9963235294117647,5000,seed,10
impairment_severity,routing,extra_trees,impairment_severity__routing__extra_trees,balanced_accuracy,0.9852941176470589,0.9713235294117647,0.9963235294117647,5000,seed,10
impairment_severity,routing,extra_trees,impairment_severity__routing__extra_trees,macro_f1,0.9853411748183473,0.9714600093101899,0.9963234578527697,5000,seed,10
impairment_severity,routing,extra_trees,impairment_severity__routing__extra_trees,weighted_f1,0.9853411748183473,0.9714600093101898,0.9963234578527695,5000,seed,10
impairment_severity,routing,extra_trees,impairment_severity__routing__extra_trees,mcc,0.9804437530833958,0.9622705303042567,0.9951159732724262,5000,seed,10
seven_class,all,extra_trees,seven_class__all__extra_trees,accuracy,0.9852941176470589,0.9764705882352941,0.992436974789916,5000,seed,10
seven_class,all,extra_trees,seven_class__all__extra_trees,balanced_accuracy,0.9852941176470589,0.9764705882352942,0.992436974789916,5000,seed,10
seven_class,all,extra_trees,seven_class__all__extra_trees,macro_f1,0.9853242045516065,0.97653843006763,0.9924368735627014,5000,seed,10
seven_class,all,extra_trees,seven_class__all__extra_trees,weighted_f1,0.9853242045516066,0.97653843006763,0.9924368735627014,5000,seed,10
seven_class,all,extra_trees,seven_class__all__extra_trees,mcc,0.9828554857804549,0.9727056704507266,0.991184299734199,5000,seed,10
seven_class,all,logistic,seven_class__all__logistic,accuracy,0.9815126050420168,0.9663865546218487,0.9928571428571429,5000,seed,10
seven_class,all,logistic,seven_class__all__logistic,balanced_accuracy,0.9815126050420169,0.9663865546218489,0.9928571428571429,5000,seed,10
seven_class,all,logistic,seven_class__all__logistic,macro_f1,0.9815018401935475,0.9663283271431579,0.9928569929218879,5000,seed,10
seven_class,all,logistic,seven_class__all__logistic,weighted_f1,0.9815018401935475,0.9663283271431579,0.9928569929218879,5000,seed,10
seven_class,all,logistic,seven_class__all__logistic,mcc,0.9784855865700229,0.9612634910775896,0.9916709559101811,5000,seed,10
seven_class,all,random_forest,seven_class__all__random_forest,accuracy,0.9773109243697479,0.9630252100840336,0.988655462184874,5000,seed,10
seven_class,all,random_forest,seven_class__all__random_forest,balanced_accuracy,0.977310924369748,0.9630252100840336,0.988655462184874,5000,seed,10
seven_class,all,random_forest,seven_class__all__random_forest,macro_f1,0.9772821799814663,0.962755476851897,0.9886492737390659,5000,seed,10
seven_class,all,random_forest,seven_class__all__random_forest,weighted_f1,0.9772821799814663,0.962755476851897,0.9886492737390657,5000,seed,10
seven_class,all,random_forest,seven_class__all__random_forest,mcc,0.9735681130294449,0.9570647125434132,0.9867795528070213,5000,seed,10
seven_class,application_qos,extra_trees,seven_class__application_qos__extra_trees,accuracy,0.2995798319327731,0.2773109243697479,0.3239495798319328,5000,seed,10
seven_class,application_qos,extra_trees,seven_class__application_qos__extra_trees,balanced_accuracy,0.29957983193277304,0.2773109243697479,0.32394957983193284,5000,seed,10
seven_class,application_qos,extra_trees,seven_class__application_qos__extra_trees,macro_f1,0.29249729768780985,0.2711021579152089,0.31606651003919467,5000,seed,10
seven_class,application_qos,extra_trees,seven_class__application_qos__extra_trees,weighted_f1,0.29249729768780985,0.271102157915209,0.3160665100391947,5000,seed,10
seven_class,application_qos,extra_trees,seven_class__application_qos__extra_trees,mcc,0.18301283979793312,0.15724226384111417,0.21182063636835094,5000,seed,10
seven_class,mac,extra_trees,seven_class__mac__extra_trees,accuracy,0.8579831932773109,0.8436974789915966,0.8701785714285712,5000,seed,10
seven_class,mac,extra_trees,seven_class__mac__extra_trees,balanced_accuracy,0.8579831932773109,0.8436974789915966,0.8701785714285714,5000,seed,10
seven_class,mac,extra_trees,seven_class__mac__extra_trees,macro_f1,0.8578406549809959,0.843938809777134,0.8700561707782571,5000,seed,10
seven_class,mac,extra_trees,seven_class__mac__extra_trees,weighted_f1,0.8578406549809958,0.843938809777134,0.8700561707782573,5000,seed,10
seven_class,mac,extra_trees,seven_class__mac__extra_trees,mcc,0.8343711257089621,0.8176966042991055,0.8487817174464114,5000,seed,10
seven_class,radio,extra_trees,seven_class__radio__extra_trees,accuracy,0.6676470588235294,0.6491596638655462,0.6861344537815126,5000,seed,10
seven_class,radio,extra_trees,seven_class__radio__extra_trees,balanced_accuracy,0.6676470588235295,0.6491596638655464,0.6861344537815126,5000,seed,10
seven_class,radio,extra_trees,seven_class__radio__extra_trees,macro_f1,0.6665801931626172,0.6486055896811556,0.6844506115630768,5000,seed,10
seven_class,radio,extra_trees,seven_class__radio__extra_trees,weighted_f1,0.6665801931626171,0.6486055896811556,0.6844506115630768,5000,seed,10
seven_class,radio,extra_trees,seven_class__radio__extra_trees,mcc,0.6123352453333168,0.5908698697951517,0.6339300617425967,5000,seed,10
seven_class,routing,extra_trees,seven_class__routing__extra_trees,accuracy,0.6411764705882353,0.6151260504201681,0.6659663865546218,5000,seed,10
seven_class,routing,extra_trees,seven_class__routing__extra_trees,balanced_accuracy,0.6411764705882353,0.615126050420168,0.6659663865546219,5000,seed,10
seven_class,routing,extra_trees,seven_class__routing__extra_trees,macro_f1,0.6291551780881713,0.6047648750098156,0.6516471766943436,5000,seed,10
seven_class,routing,extra_trees,seven_class__routing__extra_trees,weighted_f1,0.6291551780881712,0.6047648750098155,0.6516471766943436,5000,seed,10
seven_class,routing,extra_trees,seven_class__routing__extra_trees,mcc,0.5832382145806583,0.5521644931607754,0.6136765175490732,5000,seed,10
