task,feature_set,model,configuration,seed,rows,accuracy,balanced_accuracy,macro_f1,weighted_f1,mcc
attack_subtype,all,extra_trees,attack_subtype__all__extra_trees,1001,102,0.9901960784313726,0.9901960784313726,0.9901939577474944,0.9901939577474944,0.9854362034676326
attack_subtype,all,extra_trees,attack_subtype__all__extra_trees,1002,102,1.0,1.0,1.0,1.0,1.0
attack_subtype,all,extra_trees,attack_subtype__all__extra_trees,1003,102,0.9901960784313726,0.9901960784313726,0.9901939577474944,0.9901939577474944,0.9854362034676326
attack_subtype,all,extra_trees,attack_subtype__all__extra_trees,1004,102,0.9901960784313726,0.9901960784313726,0.9901939577474944,0.9901939577474944,0.9854362034676326
attack_subtype,all,extra_trees,attack_subtype__all__extra_trees,1005,102,1.0,1.0,1.0,1.0,1.0
attack_subtype,all,extra_trees,attack_subtype__all__extra_trees,1006,102,1.0,1.0,1.0,1.0,1.0
attack_subtype,all,extra_trees,attack_subtype__all__extra_trees,1007,102,0.9901960784313726,0.9901960784313726,0.9901939577474944,0.9901939577474944,0.9854362034676326
attack_subtype,all,extra_trees,attack_subtype__all__extra_trees,1008,102,0.9901960784313726,0.9901960784313726,0.9901939577474944,0.9901939577474944,0.9854362034676326
attack_subtype,all,extra_trees,attack_subtype__all__extra_trees,1009,102,0.9901960784313726,0.9901960784313726,0.9901939577474944,0.9901939577474944,0.9854362034676326
attack_subtype,all,extra_trees,attack_subtype__all__extra_trees,1010,102,1.0,1.0,1.0,1.0,1.0
attack_subtype,all,logistic,attack_subtype__all__logistic,1001,102,0.9019607843137255,0.9019607843137255,0.8997936928971412,0.8997936928971412,0.8655109841347811
attack_subtype,all,logistic,attack_subtype__all__logistic,1002,102,1.0,1.0,1.0,1.0,1.0
attack_subtype,all,logistic,attack_subtype__all__logistic,1003,102,0.7647058823529411,0.7647058823529411,0.7312252964426879,0.7312252964426879,0.708572289040914
attack_subtype,all,logistic,attack_subtype__all__logistic,1004,102,0.9509803921568627,0.9509803921568628,0.950713923316663,0.950713923316663,0.9298281066256509
attack_subtype,all,logistic,attack_subtype__all__logistic,1005,102,0.9607843137254902,0.9607843137254902,0.9606481481481483,0.9606481481481481,0.9433551227408428
attack_subtype,all,logistic,attack_subtype__all__logistic,1006,102,1.0,1.0,1.0,1.0,1.0
attack_subtype,all,logistic,attack_subtype__all__logistic,1007,102,1.0,1.0,1.0,1.0,1.0
attack_subtype,all,logistic,attack_subtype__all__logistic,1008,102,1.0,1.0,1.0,1.0,1.0
attack_subtype,all,logistic,attack_subtype__all__logistic,1009,102,0.7156862745098039,0.7156862745098039,0.652480394748436,0.652480394748436,0.6589693305509565
attack_subtype,all,logistic,attack_subtype__all__logistic,1010,102,0.9509803921568627,0.9509803921568628,0.950713923316663,0.950713923316663,0.9298281066256509
attack_subtype,all,random_forest,attack_subtype__all__random_forest,1001,102,0.9901960784313726,0.9901960784313726,0.9901939577474944,0.9901939577474944,0.9854362034676326
attack_subtype,all,random_forest,attack_subtype__all__random_forest,1002,102,1.0,1.0,1.0,1.0,1.0
attack_subtype,all,random_forest,attack_subtype__all__random_forest,1003,102,0.9901960784313726,0.9901960784313726,0.9901939577474944,0.9901939577474944,0.9854362034676326
attack_subtype,all,random_forest,attack_subtype__all__random_forest,1004,102,0.9705882352941176,0.9705882352941176,0.9705818732424832,0.9705818732424834,0.9560201973939719
attack_subtype,all,random_forest,attack_subtype__all__random_forest,1005,102,0.9803921568627451,0.9803921568627452,0.9803751803751805,0.9803751803751803,0.9711484594304012
attack_subtype,all,random_forest,attack_subtype__all__random_forest,1006,102,1.0,1.0,1.0,1.0,1.0
attack_subtype,all,random_forest,attack_subtype__all__random_forest,1007,102,0.9901960784313726,0.9901960784313726,0.9901939577474944,0.9901939577474944,0.9854362034676326
attack_subtype,all,random_forest,attack_subtype__all__random_forest,1008,102,0.9901960784313726,0.9901960784313726,0.9901939577474944,0.9901939577474944,0.9854362034676326
attack_subtype,all,random_forest,attack_subtype__all__random_forest,1009,102,0.9803921568627451,0.9803921568627452,0.9803751803751805,0.9803751803751803,0.9711484594304012
attack_subtype,all,random_forest,attack_subtype__all__random_forest,1010,102,1.0,1.0,1.0,1.0,1.0
attack_subtype,application_qos,extra_trees,attack_subtype__application_qos__extra_trees,1001,102,0.4019607843137255,0.40196078431372556,0.4009607330290443,0.4009607330290442,0.10347966929808945
attack_subtype,application_qos,extra_trees,attack_subtype__application_qos__extra_trees,1002,102,0.49019607843137253,0.4901960784313726,0.48194444444444445,0.48194444444444445,0.23918813815706186
attack_subtype,application_qos,extra_trees,attack_subtype__application_qos__extra_trees,1003,102,0.4803921568627451,0.48039215686274517,0.4734894756883228,0.4734894756883228,0.22596238959804638
attack_subtype,application_qos,extra_trees,attack_subtype__application_qos__extra_trees,1004,102,0.37254901960784315,0.37254901960784315,0.37379470551637883,0.37379470551637883,0.058882985741415574
attack_subtype,application_qos,extra_trees,attack_subtype__application_qos__extra_trees,1005,102,0.5098039215686274,0.5098039215686274,0.5070252586408345,0.5070252586408345,0.2650500288241922
attack_subtype,application_qos,extra_trees,attack_subtype__application_qos__extra_trees,1006,102,0.46078431372549017,0.46078431372549017,0.46125087890792477,0.4612508789079247,0.1926260650503149
attack_subtype,application_qos,extra_trees,attack_subtype__application_qos__extra_trees,1007,102,0.35294117647058826,0.35294117647058826,0.3527350427350428,0.35273504273504275,0.029569928086515172
attack_subtype,application_qos,extra_trees,attack_subtype__application_qos__extra_trees,1008,102,0.4803921568627451,0.48039215686274517,0.4775282688326166,0.47752826883261673,0.2208111965303084
attack_subtype,application_qos,extra_trees,attack_subtype__application_qos__extra_trees,1009,102,0.39215686274509803,0.39215686274509803,0.3857709623260937,0.38577096232609376,0.08873565094161139
attack_subtype,application_qos,extra_trees,attack_subtype__application_qos__extra_trees,1010,102,0.4215686274509804,0.4215686274509804,0.42061122956645347,0.4206112295664534,0.13241022442571243
attack_subtype,mac,extra_trees,attack_subtype__mac__extra_trees,1001,102,1.0,1.0,1.0,1.0,1.0
attack_subtype,mac,extra_trees,attack_subtype__mac__extra_trees,1002,102,1.0,1.0,1.0,1.0,1.0
attack_subtype,mac,extra_trees,attack_subtype__mac__extra_trees,1003,102,0.9901960784313726,0.9901960784313726,0.9901939577474944,0.9901939577474944,0.9854362034676326
attack_subtype,mac,extra_trees,attack_subtype__mac__extra_trees,1004,102,0.9803921568627451,0.9803921568627452,0.9803921568627452,0.9803921568627451,0.9705882352941176
attack_subtype,mac,extra_trees,attack_subtype__mac__extra_trees,1005,102,1.0,1.0,1.0,1.0,1.0
attack_subtype,mac,extra_trees,attack_subtype__mac__extra_trees,1006,102,1.0,1.0,1.0,1.0,1.0
attack_subtype,mac,extra_trees,attack_subtype__mac__extra_trees,1007,102,1.0,1.0,1.0,1.0,1.0
attack_subtype,mac,extra_trees,attack_subtype__mac__extra_trees,1008,102,0.9901960784313726,0.9901960784313726,0.9901939577474944,0.9901939577474944,0.9854362034676326
attack_subtype,mac,extra_trees,attack_subtype__mac__extra_trees,1009,102,0.9901960784313726,0.9901960784313726,0.9901939577474944,0.9901939577474944,0.9854362034676326
attack_subtype,mac,extra_trees,attack_subtype__mac__extra_trees,1010,102,1.0,1.0,1.0,1.0,1.0
attack_subtype,radio,extra_trees,attack_subtype__radio__extra_trees,1001,102,0.6862745098039216,0.6862745098039215,0.686002886002886,0.686002886002886,0.5297173415074916
attack_subtype,radio,extra_trees,attack_subtype__radio__extra_trees,1002,102,0.7352941176470589,0.7352941176470589,0.7347778981581797,0.7347778981581798,0.6037250656551045
attack_subtype,radio,extra_trees,attack_subtype__radio__extra_trees,1003,102,0.7058823529411765,0.7058823529411765,0.7056277056277057,0.7056277056277057,0.5591460827023522
attack_subtype,radio,extra_trees,attack_subtype__radio__extra_trees,1004,102,0.696078431372549,0.6960784313725491,0.6960126901723268,0.6960126901723268,0.5441961123627225
attack_subtype,radio,extra_trees,attack_subtype__radio__extra_trees,1005,102,0.7254901960784313,0.7254901960784315,0.7245370370370371,0.724537037037037,0.5895969517130267
attack_subtype,radio,extra_trees,attack_subtype__radio__extra_trees,1006,102,0.7647058823529411,0.7647058823529411,0.7638888888888888,0.7638888888888888,0.6485566468843293
attack_subtype,radio,extra_trees,attack_subtype__radio__extra_trees,1007,102,0.7058823529411765,0.7058823529411765,0.7058823529411765,0.7058823529411765,0.5588235294117647
attack_subtype,radio,extra_trees,attack_subtype__radio__extra_trees,1008,102,0.7156862745098039,0.7156862745098039,0.7151318165402673,0.7151318165402674,0.5742750624524164
attack_subtype,radio,extra_trees,attack_subtype__radio__extra_trees,1009,102,0.7941176470588235,0.7941176470588235,0.7929984779299848,0.7929984779299848,0.6936812858953268
attack_subtype,radio,extra_trees,attack_subtype__radio__extra_trees,1010,102,0.7156862745098039,0.7156862745098039,0.7126411657559198,0.7126411657559198,0.5776246100315224
attack_subtype,routing,extra_trees,attack_subtype__routing__extra_trees,1001,102,0.3627450980392157,0.3627450980392157,0.3424362528840141,0.3424362528840141,0.04431615986321267
attack_subtype,routing,extra_trees,attack_subtype__routing__extra_trees,1002,102,0.38235294117647056,0.38235294117647056,0.3853710853710854,0.3853710853710854,0.07408694809627496
attack_subtype,routing,extra_trees,attack_subtype__routing__extra_trees,1003,102,0.5294117647058824,0.5294117647058824,0.4826830517153098,0.48268305171530973,0.3396831102433787
attack_subtype,routing,extra_trees,attack_subtype__routing__extra_trees,1004,102,0.49019607843137253,0.4901960784313726,0.4955982905982906,0.49559829059829064,0.23655942469212138
attack_subtype,routing,extra_trees,attack_subtype__routing__extra_trees,1005,102,0.5686274509803921,0.5686274509803921,0.54054937073805,0.54054937073805,0.361978186444057
attack_subtype,routing,extra_trees,attack_subtype__routing__extra_trees,1006,102,0.37254901960784315,0.37254901960784315,0.3624690788869893,0.3624690788869893,0.059088213150950225
attack_subtype,routing,extra_trees,attack_subtype__routing__extra_trees,1007,102,0.6764705882352942,0.676470588235294,0.6571463742215715,0.6571463742215715,0.5282053682265857
attack_subtype,routing,extra_trees,attack_subtype__routing__extra_trees,1008,102,0.4215686274509804,0.4215686274509804,0.3155884995507637,0.3155884995507637,0.17574013722315981
attack_subtype,routing,extra_trees,attack_subtype__routing__extra_trees,1009,102,0.5,0.5,0.4818085528928903,0.4818085528928902,0.257104006708034
attack_subtype,routing,extra_trees,attack_subtype__routing__extra_trees,1010,102,0.4803921568627451,0.4803921568627451,0.4673192336923762,0.46731923369237627,0.22494377108496477
binary_attack,all,extra_trees,binary_attack__all__extra_trees,1001,238,1.0,1.0,1.0,1.0,1.0
binary_attack,all,extra_trees,binary_attack__all__extra_trees,1002,238,1.0,1.0,1.0,1.0,1.0
binary_attack,all,extra_trees,binary_attack__all__extra_trees,1003,238,1.0,1.0,1.0,1.0,1.0
binary_attack,all,extra_trees,binary_attack__all__extra_trees,1004,238,1.0,1.0,1.0,1.0,1.0
binary_attack,all,extra_trees,binary_attack__all__extra_trees,1005,238,1.0,1.0,1.0,1.0,1.0
binary_attack,all,extra_trees,binary_attack__all__extra_trees,1006,238,1.0,1.0,1.0,1.0,1.0
binary_attack,all,extra_trees,binary_attack__all__extra_trees,1007,238,1.0,1.0,1.0,1.0,1.0
binary_attack,all,extra_trees,binary_attack__all__extra_trees,1008,238,1.0,1.0,1.0,1.0,1.0
binary_attack,all,extra_trees,binary_attack__all__extra_trees,1009,238,1.0,1.0,1.0,1.0,1.0
binary_attack,all,extra_trees,binary_attack__all__extra_trees,1010,238,1.0,1.0,1.0,1.0,1.0
binary_attack,all,logistic,binary_attack__all__logistic,1001,238,1.0,1.0,1.0,1.0,1.0
binary_attack,all,logistic,binary_attack__all__logistic,1002,238,1.0,1.0,1.0,1.0,1.0
binary_attack,all,logistic,binary_attack__all__logistic,1003,238,1.0,1.0,1.0,1.0,1.0
binary_attack,all,logistic,binary_attack__all__logistic,1004,238,1.0,1.0,1.0,1.0,1.0
binary_attack,all,logistic,binary_attack__all__logistic,1005,238,1.0,1.0,1.0,1.0,1.0
binary_attack,all,logistic,binary_attack__all__logistic,1006,238,1.0,1.0,1.0,1.0,1.0
binary_attack,all,logistic,binary_attack__all__logistic,1007,238,1.0,1.0,1.0,1.0,1.0
binary_attack,all,logistic,binary_attack__all__logistic,1008,238,1.0,1.0,1.0,1.0,1.0
binary_attack,all,logistic,binary_attack__all__logistic,1009,238,1.0,1.0,1.0,1.0,1.0
binary_attack,all,logistic,binary_attack__all__logistic,1010,238,1.0,1.0,1.0,1.0,1.0
binary_attack,all,random_forest,binary_attack__all__random_forest,1001,238,1.0,1.0,1.0,1.0,1.0
binary_attack,all,random_forest,binary_attack__all__random_forest,1002,238,1.0,1.0,1.0,1.0,1.0
binary_attack,all,random_forest,binary_attack__all__random_forest,1003,238,1.0,1.0,1.0,1.0,1.0
binary_attack,all,random_forest,binary_attack__all__random_forest,1004,238,1.0,1.0,1.0,1.0,1.0
binary_attack,all,random_forest,binary_attack__all__random_forest,1005,238,1.0,1.0,1.0,1.0,1.0
binary_attack,all,random_forest,binary_attack__all__random_forest,1006,238,1.0,1.0,1.0,1.0,1.0
binary_attack,all,random_forest,binary_attack__all__random_forest,1007,238,0.9957983193277311,0.9963235294117647,0.9957159571595716,0.9958008151510086,0.9914684607882714
binary_attack,all,random_forest,binary_attack__all__random_forest,1008,238,1.0,1.0,1.0,1.0,1.0
binary_attack,all,random_forest,binary_attack__all__random_forest,1009,238,1.0,1.0,1.0,1.0,1.0
binary_attack,all,random_forest,binary_attack__all__random_forest,1010,238,0.9957983193277311,0.9950980392156863,0.995705443981306,0.9957956657464047,0.9914476132553266
binary_attack,application_qos,extra_trees,binary_attack__application_qos__extra_trees,1001,238,0.6680672268907563,0.6531862745098039,0.6545972260494167,0.6643414819771942,0.3133511208176515
binary_attack,application_qos,extra_trees,binary_attack__application_qos__extra_trees,1002,238,0.6302521008403361,0.6139705882352942,0.6145748987854251,0.6256795835743203,0.2336712920477668
binary_attack,application_qos,extra_trees,binary_attack__application_qos__extra_trees,1003,238,0.6050420168067226,0.5919117647058824,0.5923469387755103,0.6026239067055393,0.18609104192981676
binary_attack,application_qos,extra_trees,binary_attack__application_qos__extra_trees,1004,238,0.6764705882352942,0.670343137254902,0.6701287012870129,0.6766627666276662,0.34028176802362897
binary_attack,application_qos,extra_trees,binary_attack__application_qos__extra_trees,1005,238,0.6638655462184874,0.6605392156862745,0.6591478696741855,0.664876476906552,0.3191516681367245
binary_attack,application_qos,extra_trees,binary_attack__application_qos__extra_trees,1006,238,0.6638655462184874,0.661764705882353,0.6598056032018296,0.665114759454382,0.3211308144666282
binary_attack,application_qos,extra_trees,binary_attack__application_qos__extra_trees,1007,238,0.6932773109243697,0.6887254901960784,0.6879837652425336,0.693789589538741,0.37619206243122316
binary_attack,application_qos,extra_trees,binary_attack__application_qos__extra_trees,1008,238,0.6302521008403361,0.616421568627451,0.6171675074943335,0.6272783296253356,0.2366260971807301
binary_attack,application_qos,extra_trees,binary_attack__application_qos__extra_trees,1009,238,0.6176470588235294,0.6139705882352942,0.6126620763659125,0.6189394616829115,0.2264040656409836
binary_attack,application_qos,extra_trees,binary_attack__application_qos__extra_trees,1010,238,0.5882352941176471,0.5870098039215687,0.5846866096866097,0.5901709401709402,0.17238697841296924
binary_attack,mac,extra_trees,binary_attack__mac__extra_trees,1001,238,1.0,1.0,1.0,1.0,1.0
binary_attack,mac,extra_trees,binary_attack__mac__extra_trees,1002,238,1.0,1.0,1.0,1.0,1.0
binary_attack,mac,extra_trees,binary_attack__mac__extra_trees,1003,238,1.0,1.0,1.0,1.0,1.0
binary_attack,mac,extra_trees,binary_attack__mac__extra_trees,1004,238,1.0,1.0,1.0,1.0,1.0
binary_attack,mac,extra_trees,binary_attack__mac__extra_trees,1005,238,1.0,1.0,1.0,1.0,1.0
binary_attack,mac,extra_trees,binary_attack__mac__extra_trees,1006,238,1.0,1.0,1.0,1.0,1.0
binary_attack,mac,extra_trees,binary_attack__mac__extra_trees,1007,238,1.0,1.0,1.0,1.0,1.0
binary_attack,mac,extra_trees,binary_attack__mac__extra_trees,1008,238,1.0,1.0,1.0,1.0,1.0
binary_attack,mac,extra_trees,binary_attack__mac__extra_trees,1009,238,1.0,1.0,1.0,1.0,1.0
binary_attack,mac,extra_trees,binary_attack__mac__extra_trees,1010,238,1.0,1.0,1.0,1.0,1.0
binary_attack,radio,extra_trees,binary_attack__radio__extra_trees,1001,238,0.9369747899159664,0.9313725490196079,0.9350472135800447,0.9366456915171505,0.8718107484463659
binary_attack,radio,extra_trees,binary_attack__radio__extra_trees,1002,238,0.9537815126050421,0.9534313725490196,0.9528755287552875,0.9538089666610952,0.9057860012139763
binary_attack,radio,extra_trees,binary_attack__radio__extra_trees,1003,238,0.9537815126050421,0.954656862745098,0.9529838550365461,0.9538587052729609,0.9062808776752195
binary_attack,radio,extra_trees,binary_attack__radio__extra_trees,1004,238,0.9495798319327731,0.9473039215686274,0.9483992194839922,0.9495142423522853,0.8969385666089575
binary_attack,radio,extra_trees,binary_attack__radio__extra_trees,1005,238,0.9327731092436975,0.9313725490196079,0.9313725490196079,0.9327731092436975,0.8627450980392157
binary_attack,radio,extra_trees,binary_attack__radio__extra_trees,1006,238,0.9285714285714286,0.928921568627451,0.9273386850564804,0.9286907263309396,0.8549819600709617
binary_attack,radio,extra_trees,binary_attack__radio__extra_trees,1007,238,0.9411764705882353,0.9411764705882353,0.9400934915498023,0.9412441567781373,0.8803245409275815
binary_attack,radio,extra_trees,binary_attack__radio__extra_trees,1008,238,0.9453781512605042,0.9399509803921569,0.9437075851027055,0.945092932648197,0.8891478940120606
binary_attack,radio,extra_trees,binary_attack__radio__extra_trees,1009,238,0.9537815126050421,0.9571078431372548,0.9531789323079675,0.9539377371265058,0.9080507148826547
binary_attack,radio,extra_trees,binary_attack__radio__extra_trees,1010,238,0.9159663865546218,0.9191176470588236,0.9149514008004573,0.9162786898635955,0.8320207465726276
binary_attack,routing,extra_trees,binary_attack__routing__extra_trees,1001,238,0.8445378151260504,0.8566176470588236,0.8443151883740254,0.8451562227705643,0.7075204809051053
binary_attack,routing,extra_trees,binary_attack__routing__extra_trees,1002,238,0.8487394957983193,0.8590686274509804,0.848353982300885,0.8494462705436157,0.7113997841549293
binary_attack,routing,extra_trees,binary_attack__routing__extra_trees,1003,238,0.8403361344537815,0.8333333333333333,0.8356950802993968,0.8396399763306238,0.6725096063098502
binary_attack,routing,extra_trees,binary_attack__routing__extra_trees,1004,238,0.8151260504201681,0.8235294117647058,0.814484126984127,0.8160430839002268,0.6406257540082976
binary_attack,routing,extra_trees,binary_attack__routing__extra_trees,1005,238,0.8151260504201681,0.8235294117647058,0.814484126984127,0.8160430839002268,0.6406257540082976
binary_attack,routing,extra_trees,binary_attack__routing__extra_trees,1006,238,0.8403361344537815,0.8394607843137255,0.8377583237657864,0.8406798425455141,0.6760039721087754
binary_attack,routing,extra_trees,binary_attack__routing__extra_trees,1007,238,0.8403361344537815,0.8553921568627452,0.8402910221092039,0.8406744770381134,0.7077297902943858
binary_attack,routing,extra_trees,binary_attack__routing__extra_trees,1008,238,0.8697478991596639,0.8774509803921569,0.869079939668175,0.8704158586511529,0.7471591718924568
binary_attack,routing,extra_trees,binary_attack__routing__extra_trees,1009,238,0.8613445378151261,0.875,0.8612244897959184,0.8618075801749272,0.7449424095283976
binary_attack,routing,extra_trees,binary_attack__routing__extra_trees,1010,238,0.8361344537815126,0.8394607843137255,0.8345896819032343,0.8368732577232977,0.6728138420668054
cause_family,all,extra_trees,cause_family__all__extra_trees,1001,238,0.9957983193277311,0.9901960784313726,0.9933988593617279,0.9957772115034582,0.9931544395698192
cause_family,all,extra_trees,cause_family__all__extra_trees,1002,238,1.0,1.0,1.0,1.0,1.0
cause_family,all,extra_trees,cause_family__all__extra_trees,1003,238,1.0,1.0,1.0,1.0,1.0
cause_family,all,extra_trees,cause_family__all__extra_trees,1004,238,0.9957983193277311,0.9901960784313726,0.9933988593617279,0.9957772115034582,0.9931544395698192
cause_family,all,extra_trees,cause_family__all__extra_trees,1005,238,0.9957983193277311,0.9901960784313726,0.9933988593617279,0.9957772115034582,0.9931544395698192
cause_family,all,extra_trees,cause_family__all__extra_trees,1006,238,1.0,1.0,1.0,1.0,1.0
cause_family,all,extra_trees,cause_family__all__extra_trees,1007,238,0.9957983193277311,0.9901960784313726,0.9933988593617279,0.9957772115034582,0.9931544395698192
cause_family,all,extra_trees,cause_family__all__extra_trees,1008,238,0.9957983193277311,0.9901960784313726,0.9933988593617279,0.9957772115034582,0.9931544395698192
cause_family,all,extra_trees,cause_family__all__extra_trees,1009,238,0.9915966386554622,0.9803921568627452,0.9866469573786647,0.9914898110020061,0.9863141152698681
cause_family,all,extra_trees,cause_family__all__extra_trees,1010,238,0.9957983193277311,0.9901960784313726,0.9933988593617279,0.9957772115034582,0.9931544395698192
cause_family,all,logistic,cause_family__all__logistic,1001,238,1.0,1.0,1.0,1.0,1.0
cause_family,all,logistic,cause_family__all__logistic,1002,238,0.9957983193277311,0.9967320261437909,0.9935270460008091,0.9958184173219513,0.9931811136240503
cause_family,all,logistic,cause_family__all__logistic,1003,238,1.0,1.0,1.0,1.0,1.0
cause_family,all,logistic,cause_family__all__logistic,1004,238,1.0,1.0,1.0,1.0,1.0
cause_family,all,logistic,cause_family__all__logistic,1005,238,1.0,1.0,1.0,1.0,1.0
cause_family,all,logistic,cause_family__all__logistic,1006,238,0.9957983193277311,0.9967320261437909,0.9935270460008091,0.9958184173219513,0.9931811136240503
cause_family,all,logistic,cause_family__all__logistic,1007,238,0.9915966386554622,0.9934640522875817,0.9871758604431872,0.9916750858759343,0.9864485484330842
cause_family,all,logistic,cause_family__all__logistic,1008,238,0.9957983193277311,0.9901960784313726,0.9933988593617279,0.9957772115034582,0.9931544395698192
cause_family,all,logistic,cause_family__all__logistic,1009,238,0.9957983193277311,0.9901960784313726,0.9933988593617279,0.9957772115034582,0.9931544395698192
cause_family,all,logistic,cause_family__all__logistic,1010,238,1.0,1.0,1.0,1.0,1.0
cause_family,all,random_forest,cause_family__all__random_forest,1001,238,0.9957983193277311,0.9901960784313726,0.9933988593617279,0.9957772115034582,0.9931544395698192
cause_family,all,random_forest,cause_family__all__random_forest,1002,238,0.9957983193277311,0.9901960784313726,0.9933988593617279,0.9957772115034582,0.9931544395698192
cause_family,all,random_forest,cause_family__all__random_forest,1003,238,1.0,1.0,1.0,1.0,1.0
cause_family,all,random_forest,cause_family__all__random_forest,1004,238,1.0,1.0,1.0,1.0,1.0
cause_family,all,random_forest,cause_family__all__random_forest,1005,238,1.0,1.0,1.0,1.0,1.0
cause_family,all,random_forest,cause_family__all__random_forest,1006,238,1.0,1.0,1.0,1.0,1.0
cause_family,all,random_forest,cause_family__all__random_forest,1007,238,0.9957983193277311,0.9901960784313726,0.9933988593617279,0.9957772115034582,0.9931544395698192
cause_family,all,random_forest,cause_family__all__random_forest,1008,238,1.0,1.0,1.0,1.0,1.0
cause_family,all,random_forest,cause_family__all__random_forest,1009,238,0.9915966386554622,0.9803921568627452,0.9866627439442973,0.9915101080149623,0.9863427867750927
cause_family,all,random_forest,cause_family__all__random_forest,1010,238,1.0,1.0,1.0,1.0,1.0
cause_family,application_qos,extra_trees,cause_family__application_qos__extra_trees,1001,238,0.6554621848739496,0.5359477124183006,0.5306355983722045,0.6302977173876395,0.41638998278333755
cause_family,application_qos,extra_trees,cause_family__application_qos__extra_trees,1002,238,0.634453781512605,0.5,0.4760980606774999,0.5978403637282141,0.37631616086822595
cause_family,application_qos,extra_trees,cause_family__application_qos__extra_trees,1003,238,0.6134453781512605,0.4901960784313726,0.47671027381137615,0.586335136096354,0.344427268233392
cause_family,application_qos,extra_trees,cause_family__application_qos__extra_trees,1004,238,0.6176470588235294,0.49999999999999994,0.49204810859367204,0.5927661728430268,0.35220056492775803
cause_family,application_qos,extra_trees,cause_family__application_qos__extra_trees,1005,238,0.6134453781512605,0.49019607843137253,0.4747232226223823,0.5831475447321786,0.34588863767370626
cause_family,application_qos,extra_trees,cause_family__application_qos__extra_trees,1006,238,0.6722689075630253,0.5490196078431372,0.5444770283479962,0.6480938416422287,0.46067650896953993
cause_family,application_qos,extra_trees,cause_family__application_qos__extra_trees,1007,238,0.6680672268907563,0.5326797385620915,0.5163165523944101,0.6372574942745406,0.43898628305739507
cause_family,application_qos,extra_trees,cause_family__application_qos__extra_trees,1008,238,0.6134453781512605,0.4967320261437908,0.48712787898799353,0.588212034889325,0.34355993152016484
cause_family,application_qos,extra_trees,cause_family__application_qos__extra_trees,1009,238,0.6008403361344538,0.4934640522875817,0.4900096767476329,0.5823933939136231,0.32942510578512896
cause_family,application_qos,extra_trees,cause_family__application_qos__extra_trees,1010,238,0.5966386554621849,0.4705882352941176,0.4521409780672155,0.5680350781129981,0.3167596886232532
cause_family,mac,extra_trees,cause_family__mac__extra_trees,1001,238,0.9747899159663865,0.954248366013072,0.9599882318328921,0.9745303240448872,0.9587803136915571
cause_family,mac,extra_trees,cause_family__mac__extra_trees,1002,238,0.9747899159663865,0.9673202614379086,0.9615275813295615,0.9750252576278037,0.959101459961672
cause_family,mac,extra_trees,cause_family__mac__extra_trees,1003,238,0.9747899159663865,0.9477124183006537,0.9591346153846154,0.9742445054945056,0.9589775649777115
cause_family,mac,extra_trees,cause_family__mac__extra_trees,1004,238,0.957983193277311,0.9281045751633986,0.9333137197214868,0.957550540074812,0.9312178406080216
cause_family,mac,extra_trees,cause_family__mac__extra_trees,1005,238,0.9369747899159664,0.8921568627450981,0.8989223337049425,0.9359770664118492,0.8967009072585448
cause_family,mac,extra_trees,cause_family__mac__extra_trees,1006,238,0.9915966386554622,0.9934640522875817,0.9871758604431872,0.9916750858759343,0.9864485484330842
cause_family,mac,extra_trees,cause_family__mac__extra_trees,1007,238,0.957983193277311,0.9281045751633986,0.9333137197214868,0.957550540074812,0.9312178406080216
cause_family,mac,extra_trees,cause_family__mac__extra_trees,1008,238,0.9789915966386554,0.9575163398692811,0.9663074445683142,0.978659022137283,0.9657537824049673
cause_family,mac,extra_trees,cause_family__mac__extra_trees,1009,238,0.9495798319327731,0.9215686274509803,0.9215686274509803,0.9495798319327731,0.9176470588235294
cause_family,mac,extra_trees,cause_family__mac__extra_trees,1010,238,0.9663865546218487,0.954248366013072,0.9487034417727487,0.966700343503738,0.9454279157259659
cause_family,radio,extra_trees,cause_family__radio__extra_trees,1001,238,0.8949579831932774,0.8856209150326797,0.8807938165672603,0.8957144988517837,0.8300345712433886
cause_family,radio,extra_trees,cause_family__radio__extra_trees,1002,238,0.8823529411764706,0.8431372549019608,0.8474435964441674,0.8817781304931505,0.8071867117321118
cause_family,radio,extra_trees,cause_family__radio__extra_trees,1003,238,0.8823529411764706,0.8627450980392157,0.8553363807497304,0.8824143808834563,0.8096039198115196
cause_family,radio,extra_trees,cause_family__radio__extra_trees,1004,238,0.865546218487395,0.8300653594771242,0.8303788688406248,0.865949301954753,0.7804821830679085
cause_family,radio,extra_trees,cause_family__radio__extra_trees,1005,238,0.8529411764705882,0.8464052287581699,0.8304018841949876,0.8543262320602221,0.7640486409745469
cause_family,radio,extra_trees,cause_family__radio__extra_trees,1006,238,0.8739495798319328,0.8431372549019608,0.8525536605003731,0.8729261349290511,0.7928168672336597
cause_family,radio,extra_trees,cause_family__radio__extra_trees,1007,238,0.9033613445378151,0.8921568627450981,0.8921568627450981,0.9033613445378151,0.842156862745098
cause_family,radio,extra_trees,cause_family__radio__extra_trees,1008,238,0.9033613445378151,0.8986928104575164,0.8911177502726799,0.9042741296262423,0.843743844140921
cause_family,radio,extra_trees,cause_family__radio__extra_trees,1009,238,0.9117647058823529,0.8986928104575164,0.8906617339580881,0.9117361126744834,0.8586752691584287
cause_family,radio,extra_trees,cause_family__radio__extra_trees,1010,238,0.8487394957983193,0.8366013071895425,0.8305073128259278,0.8473869532251725,0.7557304335500892
cause_family,routing,extra_trees,cause_family__routing__extra_trees,1001,238,0.8487394957983193,0.6797385620915032,0.662111801242236,0.8104702750665483,0.7573603508491252
cause_family,routing,extra_trees,cause_family__routing__extra_trees,1002,238,0.8445378151260504,0.7222222222222222,0.7316817706767456,0.8308435952657058,0.7465798930582698
cause_family,routing,extra_trees,cause_family__routing__extra_trees,1003,238,0.8445378151260504,0.7352941176470589,0.7495012710315113,0.8291907098136239,0.7428041547531985
cause_family,routing,extra_trees,cause_family__routing__extra_trees,1004,238,0.8109243697478992,0.6437908496732027,0.6266129770293768,0.7823216410202773,0.6875119645413895
cause_family,routing,extra_trees,cause_family__routing__extra_trees,1005,238,0.8277310924369747,0.6503267973856208,0.6212338991761721,0.7851238567639219,0.7197348326579706
cause_family,routing,extra_trees,cause_family__routing__extra_trees,1006,238,0.8487394957983193,0.7124183006535948,0.7146853146853148,0.830969030969031,0.7512707691696909
cause_family,routing,extra_trees,cause_family__routing__extra_trees,1007,238,0.8319327731092437,0.6470588235294118,0.6091954022988505,0.7832512315270935,0.7295112968191324
cause_family,routing,extra_trees,cause_family__routing__extra_trees,1008,238,0.865546218487395,0.7320261437908497,0.7394415819502927,0.8457543371430878,0.7808625777154717
cause_family,routing,extra_trees,cause_family__routing__extra_trees,1009,238,0.865546218487395,0.7058823529411765,0.6996549344375431,0.8315291333924875,0.7869777947370798
cause_family,routing,extra_trees,cause_family__routing__extra_trees,1010,238,0.8529411764705882,0.7287581699346405,0.734115347018573,0.8399664851277755,0.7576796872173952
impairment_severity,all,extra_trees,impairment_severity__all__extra_trees,1001,136,0.9264705882352942,0.9264705882352942,0.9248452696728559,0.9248452696728559,0.9085339712881358
impairment_severity,all,extra_trees,impairment_severity__all__extra_trees,1002,136,0.9852941176470589,0.9852941176470589,0.9852813852813853,0.9852813852813853,0.980674975895561
impairment_severity,all,extra_trees,impairment_severity__all__extra_trees,1003,136,0.9705882352941176,0.9705882352941176,0.9705882352941176,0.9705882352941176,0.9607843137254902
impairment_severity,all,extra_trees,impairment_severity__all__extra_trees,1004,136,0.9779411764705882,0.9779411764705882,0.9778981581798484,0.9778981581798485,0.9712185556778801
impairment_severity,all,extra_trees,impairment_severity__all__extra_trees,1005,136,0.9852941176470589,0.9852941176470589,0.9852813852813853,0.9852813852813853,0.980674975895561
impairment_severity,all,extra_trees,impairment_severity__all__extra_trees,1006,136,1.0,1.0,1.0,1.0,1.0
impairment_severity,all,extra_trees,impairment_severity__all__extra_trees,1007,136,0.9852941176470589,0.9852941176470589,0.9852909366212416,0.9852909366212416,0.9805335357886892
impairment_severity,all,extra_trees,impairment_severity__all__extra_trees,1008,136,0.9779411764705882,0.9779411764705883,0.977926853592006,0.977926853592006,0.9709382617165802
impairment_severity,all,extra_trees,impairment_severity__all__extra_trees,1009,136,0.9926470588235294,0.9926470588235294,0.9926454683106207,0.992645468310621,0.9902674670676667
impairment_severity,all,extra_trees,impairment_severity__all__extra_trees,1010,136,1.0,1.0,1.0,1.0,1.0
impairment_severity,all,logistic,impairment_severity__all__logistic,1001,136,0.9117647058823529,0.911764705882353,0.9098143236074271,0.909814323607427,0.888783232781872
impairment_severity,all,logistic,impairment_severity__all__logistic,1002,136,0.9926470588235294,0.9926470588235294,0.9926454683106207,0.992645468310621,0.9902674670676667
impairment_severity,all,logistic,impairment_severity__all__logistic,1003,136,0.9779411764705882,0.9779411764705882,0.9778981581798484,0.9778981581798483,0.9712185556778801
impairment_severity,all,logistic,impairment_severity__all__logistic,1004,136,0.9852941176470589,0.9852941176470589,0.9852909366212417,0.9852909366212416,0.9805335357886892
impairment_severity,all,logistic,impairment_severity__all__logistic,1005,136,0.9558823529411765,0.9558823529411764,0.9558696205755028,0.955869620575503,0.9414479768597386
impairment_severity,all,logistic,impairment_severity__all__logistic,1006,136,0.9779411764705882,0.9779411764705883,0.977931488801054,0.977931488801054,0.970798205709834
impairment_severity,all,logistic,impairment_severity__all__logistic,1007,136,0.9779411764705882,0.9779411764705883,0.9779364049318624,0.9779364049318625,0.9706582102940495
impairment_severity,all,logistic,impairment_severity__all__logistic,1008,136,0.9852941176470589,0.9852941176470589,0.9852909366212417,0.9852909366212416,0.9805335357886892
impairment_severity,all,logistic,impairment_severity__all__logistic,1009,136,0.9705882352941176,0.9705882352941176,0.9705818732424831,0.9705818732424831,0.9609228650729154
impairment_severity,all,logistic,impairment_severity__all__logistic,1010,136,0.9852941176470589,0.9852941176470589,0.9853944562899787,0.9853944562899787,0.9806042481917515
impairment_severity,all,random_forest,impairment_severity__all__random_forest,1001,136,0.9191176470588235,0.9191176470588236,0.9169442593826338,0.9169442593826338,0.9000421174352071
impairment_severity,all,random_forest,impairment_severity__all__random_forest,1002,136,0.9779411764705882,0.9779411764705882,0.9778981581798484,0.9778981581798483,0.9712185556778801
impairment_severity,all,random_forest,impairment_severity__all__random_forest,1003,136,0.9852941176470589,0.9852941176470589,0.9852941176470589,0.9852941176470589,0.9803921568627451
impairment_severity,all,random_forest,impairment_severity__all__random_forest,1004,136,0.9632352941176471,0.9632352941176471,0.9630354424874973,0.9630354424874973,0.9526988878882227
impairment_severity,all,random_forest,impairment_severity__all__random_forest,1005,136,1.0,1.0,1.0,1.0,1.0
impairment_severity,all,random_forest,impairment_severity__all__random_forest,1006,136,1.0,1.0,1.0,1.0,1.0
impairment_severity,all,random_forest,impairment_severity__all__random_forest,1007,136,0.9779411764705882,0.9779411764705882,0.977926853592006,0.977926853592006,0.9709382617165802
impairment_severity,all,random_forest,impairment_severity__all__random_forest,1008,136,0.9852941176470589,0.9852941176470589,0.9852813852813853,0.9852813852813853,0.980674975895561
impairment_severity,all,random_forest,impairment_severity__all__random_forest,1009,136,0.9558823529411765,0.9558823529411765,0.9553006263117677,0.9553006263117676,0.9426726694049441
impairment_severity,all,random_forest,impairment_severity__all__random_forest,1010,136,1.0,1.0,1.0,1.0,1.0
impairment_severity,application_qos,extra_trees,impairment_severity__application_qos__extra_trees,1001,136,0.47794117647058826,0.4779411764705882,0.47004243549741864,0.47004243549741864,0.3052668976287452
impairment_severity,application_qos,extra_trees,impairment_severity__application_qos__extra_trees,1002,136,0.5808823529411765,0.5808823529411765,0.5701153729560086,0.5701153729560083,0.44507577235806944
impairment_severity,application_qos,extra_trees,impairment_severity__application_qos__extra_trees,1003,136,0.49264705882352944,0.49264705882352944,0.49276891982932847,0.4927689198293285,0.3247962274466209
impairment_severity,application_qos,extra_trees,impairment_severity__application_qos__extra_trees,1004,136,0.5220588235294118,0.5220588235294117,0.5256426202321725,0.5256426202321725,0.3633480352036319
impairment_severity,application_qos,extra_trees,impairment_severity__application_qos__extra_trees,1005,136,0.5661764705882353,0.5661764705882353,0.5657017747810587,0.5657017747810587,0.42165982672245317
impairment_severity,application_qos,extra_trees,impairment_severity__application_qos__extra_trees,1006,136,0.6911764705882353,0.6911764705882353,0.6843321075942611,0.6843321075942612,0.5901528324886562
impairment_severity,application_qos,extra_trees,impairment_severity__application_qos__extra_trees,1007,136,0.5073529411764706,0.5073529411764706,0.4811507936507936,0.48115079365079355,0.34760113960014466
impairment_severity,application_qos,extra_trees,impairment_severity__application_qos__extra_trees,1008,136,0.5514705882352942,0.5514705882352942,0.547508254861196,0.547508254861196,0.4027454390153384
impairment_severity,application_qos,extra_trees,impairment_severity__application_qos__extra_trees,1009,136,0.47058823529411764,0.47058823529411764,0.4680052790346908,0.46800527903469075,0.2949052830321697
impairment_severity,application_qos,extra_trees,impairment_severity__application_qos__extra_trees,1010,136,0.5147058823529411,0.5147058823529411,0.5195156382491765,0.5195156382491765,0.353272397282995
impairment_severity,mac,extra_trees,impairment_severity__mac__extra_trees,1001,136,0.7426470588235294,0.7426470588235294,0.7420826769129701,0.7420826769129701,0.6591953447140073
impairment_severity,mac,extra_trees,impairment_severity__mac__extra_trees,1002,136,0.7573529411764706,0.7573529411764706,0.7520744158404162,0.7520744158404162,0.678774266072447
impairment_severity,mac,extra_trees,impairment_severity__mac__extra_trees,1003,136,0.7867647058823529,0.7867647058823529,0.7881628217672738,0.7881628217672737,0.7170833426370659
impairment_severity,mac,extra_trees,impairment_severity__mac__extra_trees,1004,136,0.7426470588235294,0.7426470588235294,0.7423796510405718,0.7423796510405718,0.6571470397424246
impairment_severity,mac,extra_trees,impairment_severity__mac__extra_trees,1005,136,0.7426470588235294,0.7426470588235294,0.7403305203938115,0.7403305203938115,0.6634476385025889
impairment_severity,mac,extra_trees,impairment_severity__mac__extra_trees,1006,136,0.7720588235294118,0.7720588235294118,0.769817313407298,0.769817313407298,0.6967316724192401
impairment_severity,mac,extra_trees,impairment_severity__mac__extra_trees,1007,136,0.7279411764705882,0.7279411764705883,0.7306087317037998,0.7306087317037998,0.6380372901031505
impairment_severity,mac,extra_trees,impairment_severity__mac__extra_trees,1008,136,0.7867647058823529,0.7867647058823529,0.7840140630960339,0.7840140630960339,0.7179151055295616
impairment_severity,mac,extra_trees,impairment_severity__mac__extra_trees,1009,136,0.6691176470588235,0.6691176470588235,0.6715211508332145,0.6715211508332146,0.5621154167911699
impairment_severity,mac,extra_trees,impairment_severity__mac__extra_trees,1010,136,0.7647058823529411,0.7647058823529411,0.758458424748112,0.758458424748112,0.6890117553790542
impairment_severity,radio,extra_trees,impairment_severity__radio__extra_trees,1001,136,0.7132352941176471,0.713235294117647,0.7045096447669976,0.7045096447669977,0.620381114535837
impairment_severity,radio,extra_trees,impairment_severity__radio__extra_trees,1002,136,0.7352941176470589,0.7352941176470588,0.7320406096525499,0.73204060965255,0.64822810928477
impairment_severity,radio,extra_trees,impairment_severity__radio__extra_trees,1003,136,0.6176470588235294,0.6176470588235294,0.6162391593942854,0.6162391593942854,0.4916513540139954
impairment_severity,radio,extra_trees,impairment_severity__radio__extra_trees,1004,136,0.6323529411764706,0.6323529411764706,0.6283203139656168,0.6283203139656168,0.5102823516309928
impairment_severity,radio,extra_trees,impairment_severity__radio__extra_trees,1005,136,0.6985294117647058,0.6985294117647058,0.6966639314836658,0.6966639314836658,0.5995972883632483
impairment_severity,radio,extra_trees,impairment_severity__radio__extra_trees,1006,136,0.6617647058823529,0.661764705882353,0.6675378611998329,0.667537861199833,0.5495348402179921
impairment_severity,radio,extra_trees,impairment_severity__radio__extra_trees,1007,136,0.7352941176470589,0.7352941176470589,0.7367663043478261,0.7367663043478261,0.6489797872984739
impairment_severity,radio,extra_trees,impairment_severity__radio__extra_trees,1008,136,0.7279411764705882,0.7279411764705883,0.7275097241710033,0.7275097241710033,0.6399361458889156
impairment_severity,radio,extra_trees,impairment_severity__radio__extra_trees,1009,136,0.6029411764705882,0.6029411764705883,0.6034168981930176,0.6034168981930177,0.47474749051527404
impairment_severity,radio,extra_trees,impairment_severity__radio__extra_trees,1010,136,0.7426470588235294,0.7426470588235293,0.7429781302192238,0.7429781302192238,0.6577642799721835
impairment_severity,routing,extra_trees,impairment_severity__routing__extra_trees,1001,136,0.9338235294117647,0.9338235294117647,0.9326436275588817,0.9326436275588817,0.9171356800276984
impairment_severity,routing,extra_trees,impairment_severity__routing__extra_trees,1002,136,0.9779411764705882,0.9779411764705882,0.9778981581798484,0.9778981581798483,0.9712185556778801
impairment_severity,routing,extra_trees,impairment_severity__routing__extra_trees,1003,136,0.9852941176470589,0.9852941176470589,0.9852813852813853,0.9852813852813853,0.980674975895561
impairment_severity,routing,extra_trees,impairment_severity__routing__extra_trees,1004,136,0.9632352941176471,0.9632352941176471,0.9630354424874973,0.9630354424874973,0.9526988878882227
impairment_severity,routing,extra_trees,impairment_severity__routing__extra_trees,1005,136,1.0,1.0,1.0,1.0,1.0
impairment_severity,routing,extra_trees,impairment_severity__routing__extra_trees,1006,136,1.0,1.0,1.0,1.0,1.0
impairment_severity,routing,extra_trees,impairment_severity__routing__extra_trees,1007,136,1.0,1.0,1.0,1.0,1.0
impairment_severity,routing,extra_trees,impairment_severity__routing__extra_trees,1008,136,0.9926470588235294,0.9926470588235294,0.9926454683106207,0.992645468310621,0.9902674670676667
impairment_severity,routing,extra_trees,impairment_severity__routing__extra_trees,1009,136,1.0,1.0,1.0,1.0,1.0
impairment_severity,routing,extra_trees,impairment_severity__routing__extra_trees,1010,136,1.0,1.0,1.0,1.0,1.0
seven_class,all,extra_trees,seven_class__all__extra_trees,1001,238,0.9537815126050421,0.9537815126050421,0.9528518502762724,0.9528518502762724,0.9480526677024208
seven_class,all,extra_trees,seven_class__all__extra_trees,1002,238,0.9915966386554622,0.9915966386554622,0.9915893630179344,0.9915893630179344,0.9902776667047719
seven_class,all,extra_trees,seven_class__all__extra_trees,1003,238,0.9789915966386554,0.9789915966386555,0.9789906877741362,0.9789906877741363,0.975510288357526
seven_class,all,extra_trees,seven_class__all__extra_trees,1004,238,0.9789915966386554,0.9789915966386555,0.9789651970291943,0.9789651970291943,0.9757112794564669
seven_class,all,extra_trees,seven_class__all__extra_trees,1005,238,0.9957983193277311,0.9957983193277311,0.9957974104632118,0.9957974104632119,0.9951185353596873
seven_class,all,extra_trees,seven_class__all__extra_trees,1006,238,1.0,1.0,1.0,1.0,1.0
seven_class,all,extra_trees,seven_class__all__extra_trees,1007,238,0.9873949579831933,0.9873949579831933,0.9873922313896356,0.9873922313896356,0.9853550040440053
seven_class,all,extra_trees,seven_class__all__extra_trees,1008,238,0.9831932773109243,0.9831932773109244,0.9831841839443582,0.9831841839443581,0.9805133350545264
seven_class,all,extra_trees,seven_class__all__extra_trees,1009,238,0.9831932773109243,0.9831932773109243,0.9831914595818859,0.9831914595818859,0.9804325446012064
seven_class,all,extra_trees,seven_class__all__extra_trees,1010,238,1.0,1.0,1.0,1.0,1.0
seven_class,all,logistic,seven_class__all__logistic,1001,238,0.9327731092436975,0.9327731092436976,0.9314169724972177,0.9314169724972178,0.9243524258097818
seven_class,all,logistic,seven_class__all__logistic,1002,238,1.0,1.0,1.0,1.0,1.0
seven_class,all,logistic,seven_class__all__logistic,1003,238,0.9873949579831933,0.9873949579831933,0.9873867734811463,0.9873867734811462,0.9853956012466695
seven_class,all,logistic,seven_class__all__logistic,1004,238,0.9873949579831933,0.9873949579831933,0.9873922313896356,0.9873922313896357,0.9853550040440053
seven_class,all,logistic,seven_class__all__logistic,1005,238,0.9831932773109243,0.9831932773109244,0.9831896418528475,0.9831896418528476,0.9804325446012064
seven_class,all,logistic,seven_class__all__logistic,1006,238,1.0,1.0,1.0,1.0,1.0
seven_class,all,logistic,seven_class__all__logistic,1007,238,0.9915966386554622,0.9915966386554622,0.9915966386554622,0.9915966386554622,0.9901960784313726
seven_class,all,logistic,seven_class__all__logistic,1008,238,0.9915966386554622,0.9915966386554622,0.9915948209264237,0.9915948209264238,0.9902368700472185
seven_class,all,logistic,seven_class__all__logistic,1009,238,0.9495798319327731,0.9495798319327732,0.949104428820266,0.9491044288202661,0.9424584897790615
seven_class,all,logistic,seven_class__all__logistic,1010,238,0.9915966386554622,0.9915966386554622,0.9915948209264238,0.9915948209264238,0.9902368700472185
seven_class,all,random_forest,seven_class__all__random_forest,1001,238,0.957983193277311,0.957983193277311,0.9573080547825727,0.957308054782573,0.9525905936477194
seven_class,all,random_forest,seven_class__all__random_forest,1002,238,0.9873949579831933,0.9873949579831933,0.9873703761027705,0.9873703761027705,0.9854768107079287
seven_class,all,random_forest,seven_class__all__random_forest,1003,238,0.9831932773109243,0.9831932773109244,0.9831860016733966,0.9831860016733966,0.9804729373314574
seven_class,all,random_forest,seven_class__all__random_forest,1004,238,0.9621848739495799,0.9621848739495799,0.9619843350139973,0.9619843350139975,0.9566116355121571
seven_class,all,random_forest,seven_class__all__random_forest,1005,238,0.9957983193277311,0.9957983193277311,0.9957974104632118,0.9957974104632119,0.9951185353596873
seven_class,all,random_forest,seven_class__all__random_forest,1006,238,0.9957983193277311,0.9957983193277311,0.995797410463212,0.9957974104632119,0.9951185353596873
seven_class,all,random_forest,seven_class__all__random_forest,1007,238,0.9873949579831933,0.9873949579831933,0.9873867734811463,0.9873867734811463,0.9853956012466695
seven_class,all,random_forest,seven_class__all__random_forest,1008,238,0.9789915966386554,0.9789915966386555,0.9789005850242837,0.9789005850242838,0.9757313853999755
seven_class,all,random_forest,seven_class__all__random_forest,1009,238,0.9285714285714286,0.9285714285714286,0.9243203756916991,0.9243203756916991,0.9197978540393298
seven_class,all,random_forest,seven_class__all__random_forest,1010,238,0.9957983193277311,0.9957983193277311,0.995797410463212,0.9957974104632119,0.9951185353596873
seven_class,application_qos,extra_trees,seven_class__application_qos__extra_trees,1001,238,0.2815126050420168,0.2815126050420168,0.2628509094672509,0.2628509094672509,0.162940187625997
seven_class,application_qos,extra_trees,seven_class__application_qos__extra_trees,1002,238,0.29831932773109243,0.2983193277310924,0.279670041193765,0.27967004119376493,0.18238206550065023
seven_class,application_qos,extra_trees,seven_class__application_qos__extra_trees,1003,238,0.2815126050420168,0.2815126050420168,0.2808767201948604,0.2808767201948604,0.1619817076181992
seven_class,application_qos,extra_trees,seven_class__application_qos__extra_trees,1004,238,0.25210084033613445,0.2521008403361345,0.24843277840172254,0.24843277840172254,0.12760350612222807
seven_class,application_qos,extra_trees,seven_class__application_qos__extra_trees,1005,238,0.3487394957983193,0.34873949579831937,0.3437282947298283,0.34372829472982835,0.2406773989766215
seven_class,application_qos,extra_trees,seven_class__application_qos__extra_trees,1006,238,0.3739495798319328,0.3739495798319328,0.36650041733137934,0.36650041733137934,0.2704726973476299
seven_class,application_qos,extra_trees,seven_class__application_qos__extra_trees,1007,238,0.31092436974789917,0.3109243697478992,0.3014479914077802,0.30144799140778017,0.19658927487319616
seven_class,application_qos,extra_trees,seven_class__application_qos__extra_trees,1008,238,0.3235294117647059,0.3235294117647059,0.3047052373496159,0.30470523734961585,0.21196636475458885
seven_class,application_qos,extra_trees,seven_class__application_qos__extra_trees,1009,238,0.2689075630252101,0.2689075630252101,0.26494056705313274,0.2649405670531327,0.14733523015020997
seven_class,application_qos,extra_trees,seven_class__application_qos__extra_trees,1010,238,0.25630252100840334,0.2563025210084034,0.25866341993162967,0.25866341993162967,0.13268951921029726
seven_class,mac,extra_trees,seven_class__mac__extra_trees,1001,238,0.8781512605042017,0.8781512605042016,0.8770969556007654,0.8770969556007653,0.8587102087289771
seven_class,mac,extra_trees,seven_class__mac__extra_trees,1002,238,0.8613445378151261,0.8613445378151262,0.8586077527467806,0.8586077527467805,0.8390132870092913
seven_class,mac,extra_trees,seven_class__mac__extra_trees,1003,238,0.865546218487395,0.8655462184873949,0.8659804644149066,0.8659804644149066,0.843641310532958
seven_class,mac,extra_trees,seven_class__mac__extra_trees,1004,238,0.8487394957983193,0.8487394957983192,0.8483189386493174,0.8483189386493173,0.8238518753014081
seven_class,mac,extra_trees,seven_class__mac__extra_trees,1005,238,0.8403361344537815,0.8403361344537814,0.8382506382506383,0.8382506382506383,0.8165727841708686
seven_class,mac,extra_trees,seven_class__mac__extra_trees,1006,238,0.8865546218487395,0.8865546218487396,0.8878153856761235,0.8878153856761234,0.8677721791729899
seven_class,mac,extra_trees,seven_class__mac__extra_trees,1007,238,0.8487394957983193,0.8487394957983193,0.8499536665622733,0.8499536665622733,0.8237839567625209
seven_class,mac,extra_trees,seven_class__mac__extra_trees,1008,238,0.8739495798319328,0.8739495798319327,0.872376875089517,0.8723768750895169,0.8537152023644077
seven_class,mac,extra_trees,seven_class__mac__extra_trees,1009,238,0.8067226890756303,0.8067226890756303,0.8080899685651931,0.8080899685651931,0.7761741793348417
seven_class,mac,extra_trees,seven_class__mac__extra_trees,1010,238,0.8697478991596639,0.8697478991596638,0.8652408269034707,0.8652408269034707,0.8495453476898407
seven_class,radio,extra_trees,seven_class__radio__extra_trees,1001,238,0.6722689075630253,0.6722689075630253,0.6636910484161643,0.6636910484161644,0.6189871494829451
seven_class,radio,extra_trees,seven_class__radio__extra_trees,1002,238,0.6974789915966386,0.6974789915966387,0.6931651118349889,0.6931651118349889,0.6482884154956764
seven_class,radio,extra_trees,seven_class__radio__extra_trees,1003,238,0.6218487394957983,0.6218487394957982,0.6224961030513603,0.6224961030513603,0.5590423439545269
seven_class,radio,extra_trees,seven_class__radio__extra_trees,1004,238,0.6302521008403361,0.6302521008403362,0.6281615066124198,0.6281615066124198,0.5688383792538526
seven_class,radio,extra_trees,seven_class__radio__extra_trees,1005,238,0.6596638655462185,0.6596638655462185,0.6577078229085275,0.6577078229085275,0.6036876682464735
seven_class,radio,extra_trees,seven_class__radio__extra_trees,1006,238,0.6386554621848739,0.638655462184874,0.6403165536709448,0.6403165536709449,0.578836862519989
seven_class,radio,extra_trees,seven_class__radio__extra_trees,1007,238,0.6974789915966386,0.6974789915966387,0.698206226771861,0.6982062267718611,0.6481678199004606
seven_class,radio,extra_trees,seven_class__radio__extra_trees,1008,238,0.7100840336134454,0.7100840336134454,0.7076796684908165,0.7076796684908165,0.6634338622089955
seven_class,radio,extra_trees,seven_class__radio__extra_trees,1009,238,0.6554621848739496,0.6554621848739496,0.653938616631566,0.6539386166315658,0.5989404261422017
seven_class,radio,extra_trees,seven_class__radio__extra_trees,1010,238,0.6932773109243697,0.6932773109243698,0.6943955955321017,0.6943955955321017,0.6432042870665161
seven_class,routing,extra_trees,seven_class__routing__extra_trees,1001,238,0.5588235294117647,0.5588235294117647,0.554889639753151,0.554889639753151,0.48663906473108265
seven_class,routing,extra_trees,seven_class__routing__extra_trees,1002,238,0.6008403361344538,0.6008403361344536,0.6081579218903163,0.6081579218903163,0.5349973439001654
seven_class,routing,extra_trees,seven_class__routing__extra_trees,1003,238,0.6386554621848739,0.638655462184874,0.6131094087465633,0.6131094087465633,0.5900168578653405
seven_class,routing,extra_trees,seven_class__routing__extra_trees,1004,238,0.6302521008403361,0.6302521008403362,0.6269795151852257,0.6269795151852258,0.5703805716280944
seven_class,routing,extra_trees,seven_class__routing__extra_trees,1005,238,0.6680672268907563,0.6680672268907564,0.6550703524370132,0.6550703524370131,0.6141634913677362
seven_class,routing,extra_trees,seven_class__routing__extra_trees,1006,238,0.6092436974789915,0.6092436974789915,0.6080733287781362,0.6080733287781361,0.544588948703754
seven_class,routing,extra_trees,seven_class__routing__extra_trees,1007,238,0.6932773109243697,0.6932773109243698,0.6574961212555197,0.6574961212555198,0.6489830785461215
seven_class,routing,extra_trees,seven_class__routing__extra_trees,1008,238,0.6638655462184874,0.6638655462184874,0.6141558125464126,0.6141558125464127,0.6292690792637159
seven_class,routing,extra_trees,seven_class__routing__extra_trees,1009,238,0.6932773109243697,0.6932773109243698,0.6876039778795354,0.6876039778795353,0.6448721258612056
seven_class,routing,extra_trees,seven_class__routing__extra_trees,1010,238,0.6554621848739496,0.6554621848739496,0.649035155884471,0.649035155884471,0.6001567012870078
