task,feature_set,model,fold,feature,mean_abs_shap,sample_count,test_seeds
binary_attack,mac,extra_trees,1,queue_drops_delta,7.137182221474478e-05,200,"1001,1006"
binary_attack,mac,extra_trees,1,client_mac_tx_attempts_delta,0.034622437341923606,200,"1001,1006"
binary_attack,mac,extra_trees,1,client_mac_acked_delta,0.05969974147548645,200,"1001,1006"
binary_attack,mac,extra_trees,1,client_mac_rx_delta,0.2508329124360911,200,"1001,1006"
binary_attack,mac,extra_trees,1,client_mac_ack_ratio,0.060620755105594414,200,"1001,1006"
binary_attack,mac,extra_trees,1,client_mac_valid_nodes,0.0006869402686869311,200,"1001,1006"
binary_attack,mac,extra_trees,1,client_mac_reset_nodes,0.000831995573501205,200,"1001,1006"
binary_attack,mac,extra_trees,1,root_mac_tx_attempts_delta,0.0176706817990121,200,"1001,1006"
binary_attack,mac,extra_trees,1,root_mac_acked_delta,0.0016103541085398074,200,"1001,1006"
binary_attack,mac,extra_trees,1,root_mac_rx_delta,0.11310142413009086,200,"1001,1006"
binary_attack,mac,extra_trees,1,root_mac_ack_ratio,0.044850035135347195,200,"1001,1006"
binary_attack,mac,extra_trees,2,queue_drops_delta,4.456654871724212e-05,200,"1002,1007"
binary_attack,mac,extra_trees,2,client_mac_tx_attempts_delta,0.035446257052142535,200,"1002,1007"
binary_attack,mac,extra_trees,2,client_mac_acked_delta,0.059089618772133215,200,"1002,1007"
binary_attack,mac,extra_trees,2,client_mac_rx_delta,0.2626869229235277,200,"1002,1007"
binary_attack,mac,extra_trees,2,client_mac_ack_ratio,0.05690280906291289,200,"1002,1007"
binary_attack,mac,extra_trees,2,client_mac_valid_nodes,0.0004939614806127698,200,"1002,1007"
binary_attack,mac,extra_trees,2,client_mac_reset_nodes,0.0005504528609682762,200,"1002,1007"
binary_attack,mac,extra_trees,2,root_mac_tx_attempts_delta,0.01827971297415744,200,"1002,1007"
binary_attack,mac,extra_trees,2,root_mac_acked_delta,0.001681636606912003,200,"1002,1007"
binary_attack,mac,extra_trees,2,root_mac_rx_delta,0.1079105261494285,200,"1002,1007"
binary_attack,mac,extra_trees,2,root_mac_ack_ratio,0.04525910862114041,200,"1002,1007"
binary_attack,mac,extra_trees,3,queue_drops_delta,8.313502964729491e-05,200,"1003,1008"
binary_attack,mac,extra_trees,3,client_mac_tx_attempts_delta,0.039489764863673456,200,"1003,1008"
binary_attack,mac,extra_trees,3,client_mac_acked_delta,0.05512020632592612,200,"1003,1008"
binary_attack,mac,extra_trees,3,client_mac_rx_delta,0.25581608973992737,200,"1003,1008"
binary_attack,mac,extra_trees,3,client_mac_ack_ratio,0.0626028665482523,200,"1003,1008"
binary_attack,mac,extra_trees,3,client_mac_valid_nodes,0.0006127640378273118,200,"1003,1008"
binary_attack,mac,extra_trees,3,client_mac_reset_nodes,0.0006785333323821787,200,"1003,1008"
binary_attack,mac,extra_trees,3,root_mac_tx_attempts_delta,0.01726573359294057,200,"1003,1008"
binary_attack,mac,extra_trees,3,root_mac_acked_delta,0.0022649377602374328,200,"1003,1008"
binary_attack,mac,extra_trees,3,root_mac_rx_delta,0.1115726246687561,200,"1003,1008"
binary_attack,mac,extra_trees,3,root_mac_ack_ratio,0.03997125513130285,200,"1003,1008"
binary_attack,mac,extra_trees,4,queue_drops_delta,7.813720778554244e-05,200,"1004,1009"
binary_attack,mac,extra_trees,4,client_mac_tx_attempts_delta,0.03255082900324024,200,"1004,1009"
binary_attack,mac,extra_trees,4,client_mac_acked_delta,0.05547514200603931,200,"1004,1009"
binary_attack,mac,extra_trees,4,client_mac_rx_delta,0.26321966736974084,200,"1004,1009"
binary_attack,mac,extra_trees,4,client_mac_ack_ratio,0.0604500392687962,200,"1004,1009"
binary_attack,mac,extra_trees,4,client_mac_valid_nodes,0.00043232040017501,200,"1004,1009"
binary_attack,mac,extra_trees,4,client_mac_reset_nodes,0.0005271681598554692,200,"1004,1009"
binary_attack,mac,extra_trees,4,root_mac_tx_attempts_delta,0.017660927958731792,200,"1004,1009"
binary_attack,mac,extra_trees,4,root_mac_acked_delta,0.0015664184091792293,200,"1004,1009"
binary_attack,mac,extra_trees,4,root_mac_rx_delta,0.10742360145170102,200,"1004,1009"
binary_attack,mac,extra_trees,4,root_mac_ack_ratio,0.044945920725953735,200,"1004,1009"
binary_attack,mac,extra_trees,5,queue_drops_delta,0.00041628713928290947,200,"1005,1010"
binary_attack,mac,extra_trees,5,client_mac_tx_attempts_delta,0.03691630529357291,200,"1005,1010"
binary_attack,mac,extra_trees,5,client_mac_acked_delta,0.06014404599853755,200,"1005,1010"
binary_attack,mac,extra_trees,5,client_mac_rx_delta,0.2701088659506187,200,"1005,1010"
binary_attack,mac,extra_trees,5,client_mac_ack_ratio,0.058069646186355864,200,"1005,1010"
binary_attack,mac,extra_trees,5,client_mac_valid_nodes,0.0005170623307261045,200,"1005,1010"
binary_attack,mac,extra_trees,5,client_mac_reset_nodes,0.0005989636467311468,200,"1005,1010"
binary_attack,mac,extra_trees,5,root_mac_tx_attempts_delta,0.01884930776513648,200,"1005,1010"
binary_attack,mac,extra_trees,5,root_mac_acked_delta,0.001946840646861304,200,"1005,1010"
binary_attack,mac,extra_trees,5,root_mac_rx_delta,0.10625058881532702,200,"1005,1010"
binary_attack,mac,extra_trees,5,root_mac_ack_ratio,0.046745540677879074,200,"1005,1010"
cause_family,all,random_forest,1,reachable_fraction,0.0,200,"1001,1006"
cause_family,all,random_forest,1,app_tx_delta,0.0008977096305425018,200,"1001,1006"
cause_family,all,random_forest,1,app_rx_delta,0.0009559406209546016,200,"1001,1006"
cause_family,all,random_forest,1,app_timeouts_delta,1.027051128294813e-05,200,"1001,1006"
cause_family,all,random_forest,1,route_miss_delta,0.0,200,"1001,1006"
cause_family,all,random_forest,1,root_server_rx_delta,0.00036111411072178395,200,"1001,1006"
cause_family,all,random_forest,1,root_server_tx_delta,0.0004289416919983813,200,"1001,1006"
cause_family,all,random_forest,1,transaction_count,0.0003208437640183613,200,"1001,1006"
cause_family,all,random_forest,1,transaction_success_count,0.0003652736656957616,200,"1001,1006"
cause_family,all,random_forest,1,uplink_success_count,0.0003596672356074773,200,"1001,1006"
cause_family,all,random_forest,1,app_delivery_ratio,8.232362305494623e-07,200,"1001,1006"
cause_family,all,random_forest,1,uplink_delivery_ratio,6.942244978004804e-19,200,"1001,1006"
cause_family,all,random_forest,1,mean_rtt_ms,0.0018269315197117315,200,"1001,1006"
cause_family,all,random_forest,1,median_rtt_ms,0.0008332082551003024,200,"1001,1006"
cause_family,all,random_forest,1,p95_rtt_ms,0.0007501521404375644,200,"1001,1006"
cause_family,all,random_forest,1,max_rtt_ms,0.0008046572639233943,200,"1001,1006"
cause_family,all,random_forest,1,std_rtt_ms,0.0009004823037902974,200,"1001,1006"
cause_family,all,random_forest,1,mean_etx_x100,0.06333684976559113,200,"1001,1006"
cause_family,all,random_forest,1,std_etx_x100,0.013173460109945535,200,"1001,1006"
cause_family,all,random_forest,1,p95_etx_x100,0.024625928690460135,200,"1001,1006"
cause_family,all,random_forest,1,mean_rank,0.09233129559946968,200,"1001,1006"
cause_family,all,random_forest,1,mean_neighbors,0.0,200,"1001,1006"
cause_family,all,random_forest,1,mean_rssi,0.021738348494642006,200,"1001,1006"
cause_family,all,random_forest,1,parent_changes_delta,1.9576680648959528e-05,200,"1001,1006"
cause_family,all,random_forest,1,root_mean_etx_x100,0.0381945082023326,200,"1001,1006"
cause_family,all,random_forest,1,root_mean_rssi,0.0,200,"1001,1006"
cause_family,all,random_forest,1,queue_drops_delta,4.585938726249242e-19,200,"1001,1006"
cause_family,all,random_forest,1,client_mac_tx_attempts_delta,0.007702666723886428,200,"1001,1006"
cause_family,all,random_forest,1,client_mac_acked_delta,0.007080214108658442,200,"1001,1006"
cause_family,all,random_forest,1,client_mac_rx_delta,0.05295786831449538,200,"1001,1006"
cause_family,all,random_forest,1,client_mac_ack_ratio,0.01789610083393631,200,"1001,1006"
cause_family,all,random_forest,1,client_mac_valid_nodes,4.080555092692213e-05,200,"1001,1006"
cause_family,all,random_forest,1,client_mac_reset_nodes,6.117877656435942e-06,200,"1001,1006"
cause_family,all,random_forest,1,root_mac_tx_attempts_delta,0.005112782128633719,200,"1001,1006"
cause_family,all,random_forest,1,root_mac_acked_delta,0.00044709563613475826,200,"1001,1006"
cause_family,all,random_forest,1,root_mac_rx_delta,0.018330046908530212,200,"1001,1006"
cause_family,all,random_forest,1,root_mac_ack_ratio,0.005364593057856081,200,"1001,1006"
cause_family,all,random_forest,1,client_energest_tx_delta,0.05214569132048065,200,"1001,1006"
cause_family,all,random_forest,1,client_energest_listen_delta,0.04927806842518118,200,"1001,1006"
cause_family,all,random_forest,1,client_energest_total_delta,0.0002502401930439621,200,"1001,1006"
cause_family,all,random_forest,1,client_radio_tx_fraction,0.04541966330277635,200,"1001,1006"
cause_family,all,random_forest,1,root_energest_tx_delta,0.007354981777728081,200,"1001,1006"
cause_family,all,random_forest,1,root_radio_tx_fraction,0.005746324491982974,200,"1001,1006"
cause_family,all,random_forest,2,reachable_fraction,0.0,200,"1002,1007"
cause_family,all,random_forest,2,app_tx_delta,0.00039377615635532043,200,"1002,1007"
cause_family,all,random_forest,2,app_rx_delta,0.0008047545421268307,200,"1002,1007"
cause_family,all,random_forest,2,app_timeouts_delta,2.8784244190510056e-19,200,"1002,1007"
cause_family,all,random_forest,2,route_miss_delta,0.0,200,"1002,1007"
cause_family,all,random_forest,2,root_server_rx_delta,0.0004939189783449607,200,"1002,1007"
cause_family,all,random_forest,2,root_server_tx_delta,0.0003662131511174728,200,"1002,1007"
cause_family,all,random_forest,2,transaction_count,0.00020489828812059326,200,"1002,1007"
cause_family,all,random_forest,2,transaction_success_count,0.0002246746653069621,200,"1002,1007"
cause_family,all,random_forest,2,uplink_success_count,0.0002615223945437251,200,"1002,1007"
cause_family,all,random_forest,2,app_delivery_ratio,1.0061323085965734e-06,200,"1002,1007"
cause_family,all,random_forest,2,uplink_delivery_ratio,3.6576029686223428e-19,200,"1002,1007"
cause_family,all,random_forest,2,mean_rtt_ms,0.002235975932652652,200,"1002,1007"
cause_family,all,random_forest,2,median_rtt_ms,0.0010830163467646229,200,"1002,1007"
cause_family,all,random_forest,2,p95_rtt_ms,0.0007717034838516409,200,"1002,1007"
cause_family,all,random_forest,2,max_rtt_ms,0.0007437310851876068,200,"1002,1007"
cause_family,all,random_forest,2,std_rtt_ms,0.0007237435206972332,200,"1002,1007"
cause_family,all,random_forest,2,mean_etx_x100,0.061166678248289856,200,"1002,1007"
cause_family,all,random_forest,2,std_etx_x100,0.017696277479273725,200,"1002,1007"
cause_family,all,random_forest,2,p95_etx_x100,0.02869670807177203,200,"1002,1007"
cause_family,all,random_forest,2,mean_rank,0.09549953072948357,200,"1002,1007"
cause_family,all,random_forest,2,mean_neighbors,0.0,200,"1002,1007"
cause_family,all,random_forest,2,mean_rssi,0.0014745713538869413,200,"1002,1007"
cause_family,all,random_forest,2,parent_changes_delta,1.7476530165779245e-05,200,"1002,1007"
cause_family,all,random_forest,2,root_mean_etx_x100,0.03283451775474903,200,"1002,1007"
cause_family,all,random_forest,2,root_mean_rssi,0.0,200,"1002,1007"
cause_family,all,random_forest,2,queue_drops_delta,1.803857246340519e-19,200,"1002,1007"
cause_family,all,random_forest,2,client_mac_tx_attempts_delta,0.008785887367854345,200,"1002,1007"
cause_family,all,random_forest,2,client_mac_acked_delta,0.007399261805050249,200,"1002,1007"
cause_family,all,random_forest,2,client_mac_rx_delta,0.05274004405576688,200,"1002,1007"
cause_family,all,random_forest,2,client_mac_ack_ratio,0.019649405619462768,200,"1002,1007"
cause_family,all,random_forest,2,client_mac_valid_nodes,3.15695255142432e-05,200,"1002,1007"
cause_family,all,random_forest,2,client_mac_reset_nodes,1.1174359702178384e-05,200,"1002,1007"
cause_family,all,random_forest,2,root_mac_tx_attempts_delta,0.005299660744646685,200,"1002,1007"
cause_family,all,random_forest,2,root_mac_acked_delta,0.0003510373875662867,200,"1002,1007"
cause_family,all,random_forest,2,root_mac_rx_delta,0.018454268006926386,200,"1002,1007"
cause_family,all,random_forest,2,root_mac_ack_ratio,0.005704047175548923,200,"1002,1007"
cause_family,all,random_forest,2,client_energest_tx_delta,0.04729029476932636,200,"1002,1007"
cause_family,all,random_forest,2,client_energest_listen_delta,0.052327675206208304,200,"1002,1007"
cause_family,all,random_forest,2,client_energest_total_delta,6.180407357363471e-05,200,"1002,1007"
cause_family,all,random_forest,2,client_radio_tx_fraction,0.04699911030099496,200,"1002,1007"
cause_family,all,random_forest,2,root_energest_tx_delta,0.0060528451376349645,200,"1002,1007"
cause_family,all,random_forest,2,root_radio_tx_fraction,0.005433793043439229,200,"1002,1007"
cause_family,all,random_forest,3,reachable_fraction,0.0,200,"1003,1008"
cause_family,all,random_forest,3,app_tx_delta,0.0008234189793470537,200,"1003,1008"
cause_family,all,random_forest,3,app_rx_delta,0.0009407113792498383,200,"1003,1008"
cause_family,all,random_forest,3,app_timeouts_delta,1.502234606155501e-05,200,"1003,1008"
cause_family,all,random_forest,3,route_miss_delta,0.0,200,"1003,1008"
cause_family,all,random_forest,3,root_server_rx_delta,0.0008606502662558829,200,"1003,1008"
cause_family,all,random_forest,3,root_server_tx_delta,0.0007038519845054885,200,"1003,1008"
cause_family,all,random_forest,3,transaction_count,0.0005444832622662696,200,"1003,1008"
cause_family,all,random_forest,3,transaction_success_count,0.0005915787051557237,200,"1003,1008"
cause_family,all,random_forest,3,uplink_success_count,0.0005506611252557492,200,"1003,1008"
cause_family,all,random_forest,3,app_delivery_ratio,5.7663644589328755e-06,200,"1003,1008"
cause_family,all,random_forest,3,uplink_delivery_ratio,3.3721747865356157e-06,200,"1003,1008"
cause_family,all,random_forest,3,mean_rtt_ms,0.0018145756757017247,200,"1003,1008"
cause_family,all,random_forest,3,median_rtt_ms,0.0009734219578451053,200,"1003,1008"
cause_family,all,random_forest,3,p95_rtt_ms,0.000738121800778759,200,"1003,1008"
cause_family,all,random_forest,3,max_rtt_ms,0.0007992140081865081,200,"1003,1008"
cause_family,all,random_forest,3,std_rtt_ms,0.0006468022627341749,200,"1003,1008"
cause_family,all,random_forest,3,mean_etx_x100,0.05937999918454814,200,"1003,1008"
cause_family,all,random_forest,3,std_etx_x100,0.015025368305152635,200,"1003,1008"
cause_family,all,random_forest,3,p95_etx_x100,0.027154285322992577,200,"1003,1008"
cause_family,all,random_forest,3,mean_rank,0.09493305396199248,200,"1003,1008"
cause_family,all,random_forest,3,mean_neighbors,0.0,200,"1003,1008"
cause_family,all,random_forest,3,mean_rssi,0.013074216708349724,200,"1003,1008"
cause_family,all,random_forest,3,parent_changes_delta,1.0269213624598601e-05,200,"1003,1008"
cause_family,all,random_forest,3,root_mean_etx_x100,0.03674795258518065,200,"1003,1008"
cause_family,all,random_forest,3,root_mean_rssi,0.0,200,"1003,1008"
cause_family,all,random_forest,3,queue_drops_delta,1.8921524901578994e-19,200,"1003,1008"
cause_family,all,random_forest,3,client_mac_tx_attempts_delta,0.00971118777015781,200,"1003,1008"
cause_family,all,random_forest,3,client_mac_acked_delta,0.008916784490560119,200,"1003,1008"
cause_family,all,random_forest,3,client_mac_rx_delta,0.05342673178915121,200,"1003,1008"
cause_family,all,random_forest,3,client_mac_ack_ratio,0.021213734677037202,200,"1003,1008"
cause_family,all,random_forest,3,client_mac_valid_nodes,2.3758616613995017e-05,200,"1003,1008"
cause_family,all,random_forest,3,client_mac_reset_nodes,1.0271106014180777e-05,200,"1003,1008"
cause_family,all,random_forest,3,root_mac_tx_attempts_delta,0.004949938183808213,200,"1003,1008"
cause_family,all,random_forest,3,root_mac_acked_delta,0.0005994228530467551,200,"1003,1008"
cause_family,all,random_forest,3,root_mac_rx_delta,0.01832983316186822,200,"1003,1008"
cause_family,all,random_forest,3,root_mac_ack_ratio,0.006147037537925716,200,"1003,1008"
cause_family,all,random_forest,3,client_energest_tx_delta,0.045109577066609785,200,"1003,1008"
cause_family,all,random_forest,3,client_energest_listen_delta,0.047005602934580275,200,"1003,1008"
cause_family,all,random_forest,3,client_energest_total_delta,0.0001224669307113328,200,"1003,1008"
cause_family,all,random_forest,3,client_radio_tx_fraction,0.04838598178518472,200,"1003,1008"
cause_family,all,random_forest,3,root_energest_tx_delta,0.0076461019639864425,200,"1003,1008"
cause_family,all,random_forest,3,root_radio_tx_fraction,0.0056522308697705735,200,"1003,1008"
cause_family,all,random_forest,4,reachable_fraction,0.0,200,"1004,1009"
cause_family,all,random_forest,4,app_tx_delta,0.0007517193984511059,200,"1004,1009"
cause_family,all,random_forest,4,app_rx_delta,0.0011045535728185527,200,"1004,1009"
cause_family,all,random_forest,4,app_timeouts_delta,8.392282609913263e-06,200,"1004,1009"
cause_family,all,random_forest,4,route_miss_delta,0.0,200,"1004,1009"
cause_family,all,random_forest,4,root_server_rx_delta,0.0003473955603538586,200,"1004,1009"
cause_family,all,random_forest,4,root_server_tx_delta,0.00029909687690312254,200,"1004,1009"
cause_family,all,random_forest,4,transaction_count,0.00026907447341123193,200,"1004,1009"
cause_family,all,random_forest,4,transaction_success_count,0.00034852696780469125,200,"1004,1009"
cause_family,all,random_forest,4,uplink_success_count,0.00029638068115126815,200,"1004,1009"
cause_family,all,random_forest,4,app_delivery_ratio,2.506331668582059e-19,200,"1004,1009"
cause_family,all,random_forest,4,uplink_delivery_ratio,1.6928376967350819e-19,200,"1004,1009"
cause_family,all,random_forest,4,mean_rtt_ms,0.00204396165360767,200,"1004,1009"
cause_family,all,random_forest,4,median_rtt_ms,0.0015103974121905917,200,"1004,1009"
cause_family,all,random_forest,4,p95_rtt_ms,0.001350829690620537,200,"1004,1009"
cause_family,all,random_forest,4,max_rtt_ms,0.000884274915655503,200,"1004,1009"
cause_family,all,random_forest,4,std_rtt_ms,0.0005019149046974552,200,"1004,1009"
cause_family,all,random_forest,4,mean_etx_x100,0.05706356017339737,200,"1004,1009"
cause_family,all,random_forest,4,std_etx_x100,0.017351085526245553,200,"1004,1009"
cause_family,all,random_forest,4,p95_etx_x100,0.026890344122511466,200,"1004,1009"
cause_family,all,random_forest,4,mean_rank,0.09400374305415848,200,"1004,1009"
cause_family,all,random_forest,4,mean_neighbors,0.0,200,"1004,1009"
cause_family,all,random_forest,4,mean_rssi,0.0027656556892872502,200,"1004,1009"
cause_family,all,random_forest,4,parent_changes_delta,5.1265157269383454e-05,200,"1004,1009"
cause_family,all,random_forest,4,root_mean_etx_x100,0.04274053814308973,200,"1004,1009"
cause_family,all,random_forest,4,root_mean_rssi,0.0,200,"1004,1009"
cause_family,all,random_forest,4,queue_drops_delta,1.8889992732945488e-06,200,"1004,1009"
cause_family,all,random_forest,4,client_mac_tx_attempts_delta,0.010253582870607637,200,"1004,1009"
cause_family,all,random_forest,4,client_mac_acked_delta,0.00799199390649308,200,"1004,1009"
cause_family,all,random_forest,4,client_mac_rx_delta,0.05471097901631252,200,"1004,1009"
cause_family,all,random_forest,4,client_mac_ack_ratio,0.014982382102792846,200,"1004,1009"
cause_family,all,random_forest,4,client_mac_valid_nodes,3.0829346049895e-05,200,"1004,1009"
cause_family,all,random_forest,4,client_mac_reset_nodes,1.3070108594968191e-05,200,"1004,1009"
cause_family,all,random_forest,4,root_mac_tx_attempts_delta,0.005633033766058163,200,"1004,1009"
cause_family,all,random_forest,4,root_mac_acked_delta,0.0003995648190967074,200,"1004,1009"
cause_family,all,random_forest,4,root_mac_rx_delta,0.020825207397290595,200,"1004,1009"
cause_family,all,random_forest,4,root_mac_ack_ratio,0.006498544746082537,200,"1004,1009"
cause_family,all,random_forest,4,client_energest_tx_delta,0.04808285576921898,200,"1004,1009"
cause_family,all,random_forest,4,client_energest_listen_delta,0.053569127807153644,200,"1004,1009"
cause_family,all,random_forest,4,client_energest_total_delta,0.00029288998668834275,200,"1004,1009"
cause_family,all,random_forest,4,client_radio_tx_fraction,0.04342489245886932,200,"1004,1009"
cause_family,all,random_forest,4,root_energest_tx_delta,0.007836339169897844,200,"1004,1009"
cause_family,all,random_forest,4,root_radio_tx_fraction,0.005353551216146106,200,"1004,1009"
cause_family,all,random_forest,5,reachable_fraction,0.0,200,"1005,1010"
cause_family,all,random_forest,5,app_tx_delta,0.0005143311133330353,200,"1005,1010"
cause_family,all,random_forest,5,app_rx_delta,0.0008820106617912032,200,"1005,1010"
cause_family,all,random_forest,5,app_timeouts_delta,2.141325047553213e-05,200,"1005,1010"
cause_family,all,random_forest,5,route_miss_delta,0.0,200,"1005,1010"
cause_family,all,random_forest,5,root_server_rx_delta,0.00046638773883951617,200,"1005,1010"
cause_family,all,random_forest,5,root_server_tx_delta,0.000647035913843958,200,"1005,1010"
cause_family,all,random_forest,5,transaction_count,0.0003007441884877113,200,"1005,1010"
cause_family,all,random_forest,5,transaction_success_count,0.0002631476974193667,200,"1005,1010"
cause_family,all,random_forest,5,uplink_success_count,0.00025605655126248944,200,"1005,1010"
cause_family,all,random_forest,5,app_delivery_ratio,1.928600415160319e-05,200,"1005,1010"
cause_family,all,random_forest,5,uplink_delivery_ratio,1.3313699157982562e-19,200,"1005,1010"
cause_family,all,random_forest,5,mean_rtt_ms,0.002345790615295898,200,"1005,1010"
cause_family,all,random_forest,5,median_rtt_ms,0.001192865924581312,200,"1005,1010"
cause_family,all,random_forest,5,p95_rtt_ms,0.0011959596615386879,200,"1005,1010"
cause_family,all,random_forest,5,max_rtt_ms,0.0012439559578329273,200,"1005,1010"
cause_family,all,random_forest,5,std_rtt_ms,0.0009672390184062276,200,"1005,1010"
cause_family,all,random_forest,5,mean_etx_x100,0.05845595030976399,200,"1005,1010"
cause_family,all,random_forest,5,std_etx_x100,0.018827566440231425,200,"1005,1010"
cause_family,all,random_forest,5,p95_etx_x100,0.027962224465280235,200,"1005,1010"
cause_family,all,random_forest,5,mean_rank,0.09219072923779541,200,"1005,1010"
cause_family,all,random_forest,5,mean_neighbors,0.0,200,"1005,1010"
cause_family,all,random_forest,5,mean_rssi,0.0013645008661857187,200,"1005,1010"
cause_family,all,random_forest,5,parent_changes_delta,4.423382075557917e-06,200,"1005,1010"
cause_family,all,random_forest,5,root_mean_etx_x100,0.036183088617575805,200,"1005,1010"
cause_family,all,random_forest,5,root_mean_rssi,0.0,200,"1005,1010"
cause_family,all,random_forest,5,queue_drops_delta,7.586671173579822e-20,200,"1005,1010"
cause_family,all,random_forest,5,client_mac_tx_attempts_delta,0.011812362873838168,200,"1005,1010"
cause_family,all,random_forest,5,client_mac_acked_delta,0.008954044889490502,200,"1005,1010"
cause_family,all,random_forest,5,client_mac_rx_delta,0.0532326803382445,200,"1005,1010"
cause_family,all,random_forest,5,client_mac_ack_ratio,0.022847370244410563,200,"1005,1010"
cause_family,all,random_forest,5,client_mac_valid_nodes,4.211702589750493e-05,200,"1005,1010"
cause_family,all,random_forest,5,client_mac_reset_nodes,8.39988906453611e-06,200,"1005,1010"
cause_family,all,random_forest,5,root_mac_tx_attempts_delta,0.004889155169240932,200,"1005,1010"
cause_family,all,random_forest,5,root_mac_acked_delta,0.0005964972475368627,200,"1005,1010"
cause_family,all,random_forest,5,root_mac_rx_delta,0.019162564926571535,200,"1005,1010"
cause_family,all,random_forest,5,root_mac_ack_ratio,0.006816262746989901,200,"1005,1010"
cause_family,all,random_forest,5,client_energest_tx_delta,0.05065213060779478,200,"1005,1010"
cause_family,all,random_forest,5,client_energest_listen_delta,0.04927032418903967,200,"1005,1010"
cause_family,all,random_forest,5,client_energest_total_delta,0.00010833271674028834,200,"1005,1010"
cause_family,all,random_forest,5,client_radio_tx_fraction,0.044834697307535074,200,"1005,1010"
cause_family,all,random_forest,5,root_energest_tx_delta,0.007353011191811695,200,"1005,1010"
cause_family,all,random_forest,5,root_radio_tx_fraction,0.005853222362483932,200,"1005,1010"
seven_class,all,extra_trees,1,reachable_fraction,0.0,200,"1001,1006"
seven_class,all,extra_trees,1,app_tx_delta,0.000778647243654105,200,"1001,1006"
seven_class,all,extra_trees,1,app_rx_delta,0.000654626797394441,200,"1001,1006"
seven_class,all,extra_trees,1,app_timeouts_delta,0.0001287483830559924,200,"1001,1006"
seven_class,all,extra_trees,1,route_miss_delta,0.0,200,"1001,1006"
seven_class,all,extra_trees,1,root_server_rx_delta,0.0008317921147230901,200,"1001,1006"
seven_class,all,extra_trees,1,root_server_tx_delta,0.0008897812559254023,200,"1001,1006"
seven_class,all,extra_trees,1,transaction_count,0.00037204159666671727,200,"1001,1006"
seven_class,all,extra_trees,1,transaction_success_count,0.00038386510230538313,200,"1001,1006"
seven_class,all,extra_trees,1,uplink_success_count,0.0003490644159561246,200,"1001,1006"
seven_class,all,extra_trees,1,app_delivery_ratio,9.770915276743665e-05,200,"1001,1006"
seven_class,all,extra_trees,1,uplink_delivery_ratio,1.3982365202416605e-05,200,"1001,1006"
seven_class,all,extra_trees,1,mean_rtt_ms,0.002550812092092166,200,"1001,1006"
seven_class,all,extra_trees,1,median_rtt_ms,0.0010001301275993225,200,"1001,1006"
seven_class,all,extra_trees,1,p95_rtt_ms,0.0007175397711025453,200,"1001,1006"
seven_class,all,extra_trees,1,max_rtt_ms,0.0007325852563534298,200,"1001,1006"
seven_class,all,extra_trees,1,std_rtt_ms,0.0006087954905431257,200,"1001,1006"
seven_class,all,extra_trees,1,mean_etx_x100,0.026111980664606824,200,"1001,1006"
seven_class,all,extra_trees,1,std_etx_x100,0.009975735132244963,200,"1001,1006"
seven_class,all,extra_trees,1,p95_etx_x100,0.018061368977084772,200,"1001,1006"
seven_class,all,extra_trees,1,mean_rank,0.03212568126833808,200,"1001,1006"
seven_class,all,extra_trees,1,mean_neighbors,0.0,200,"1001,1006"
seven_class,all,extra_trees,1,mean_rssi,0.007735154601572839,200,"1001,1006"
seven_class,all,extra_trees,1,parent_changes_delta,5.969160547034854e-05,200,"1001,1006"
seven_class,all,extra_trees,1,root_mean_etx_x100,0.017812608618820048,200,"1001,1006"
seven_class,all,extra_trees,1,root_mean_rssi,0.0,200,"1001,1006"
seven_class,all,extra_trees,1,queue_drops_delta,1.5691836075762103e-05,200,"1001,1006"
seven_class,all,extra_trees,1,client_mac_tx_attempts_delta,0.011865700881578647,200,"1001,1006"
seven_class,all,extra_trees,1,client_mac_acked_delta,0.01717940584733841,200,"1001,1006"
seven_class,all,extra_trees,1,client_mac_rx_delta,0.028886566588842293,200,"1001,1006"
seven_class,all,extra_trees,1,client_mac_ack_ratio,0.010579091540848807,200,"1001,1006"
seven_class,all,extra_trees,1,client_mac_valid_nodes,0.00010298141938160337,200,"1001,1006"
seven_class,all,extra_trees,1,client_mac_reset_nodes,9.497107433664972e-05,200,"1001,1006"
seven_class,all,extra_trees,1,root_mac_tx_attempts_delta,0.00346528219336695,200,"1001,1006"
seven_class,all,extra_trees,1,root_mac_acked_delta,0.0007757239705386145,200,"1001,1006"
seven_class,all,extra_trees,1,root_mac_rx_delta,0.03546013474053074,200,"1001,1006"
seven_class,all,extra_trees,1,root_mac_ack_ratio,0.006566245945263108,200,"1001,1006"
seven_class,all,extra_trees,1,client_energest_tx_delta,0.01686211951023866,200,"1001,1006"
seven_class,all,extra_trees,1,client_energest_listen_delta,0.019490936640575964,200,"1001,1006"
seven_class,all,extra_trees,1,client_energest_total_delta,0.00047046289494743576,200,"1001,1006"
seven_class,all,extra_trees,1,client_radio_tx_fraction,0.017902988261094724,200,"1001,1006"
seven_class,all,extra_trees,1,root_energest_tx_delta,0.007345163167906764,200,"1001,1006"
seven_class,all,extra_trees,1,root_radio_tx_fraction,0.0071967638845194006,200,"1001,1006"
seven_class,all,extra_trees,2,reachable_fraction,0.0,200,"1002,1007"
seven_class,all,extra_trees,2,app_tx_delta,0.000716852500292216,200,"1002,1007"
seven_class,all,extra_trees,2,app_rx_delta,0.0007375952967246297,200,"1002,1007"
seven_class,all,extra_trees,2,app_timeouts_delta,7.848059650796636e-05,200,"1002,1007"
seven_class,all,extra_trees,2,route_miss_delta,0.0,200,"1002,1007"
seven_class,all,extra_trees,2,root_server_rx_delta,0.0007674891107675181,200,"1002,1007"
seven_class,all,extra_trees,2,root_server_tx_delta,0.0007707289502797593,200,"1002,1007"
seven_class,all,extra_trees,2,transaction_count,0.00042287939588041864,200,"1002,1007"
seven_class,all,extra_trees,2,transaction_success_count,0.0004260620776874438,200,"1002,1007"
seven_class,all,extra_trees,2,uplink_success_count,0.0004380114659064759,200,"1002,1007"
seven_class,all,extra_trees,2,app_delivery_ratio,9.947905833095381e-05,200,"1002,1007"
seven_class,all,extra_trees,2,uplink_delivery_ratio,4.78947641414716e-05,200,"1002,1007"
seven_class,all,extra_trees,2,mean_rtt_ms,0.0028947146387674097,200,"1002,1007"
seven_class,all,extra_trees,2,median_rtt_ms,0.0010891020170844443,200,"1002,1007"
seven_class,all,extra_trees,2,p95_rtt_ms,0.001057044354431702,200,"1002,1007"
seven_class,all,extra_trees,2,max_rtt_ms,0.0008188311362696099,200,"1002,1007"
seven_class,all,extra_trees,2,std_rtt_ms,0.0009417588683367519,200,"1002,1007"
seven_class,all,extra_trees,2,mean_etx_x100,0.027516102758531495,200,"1002,1007"
seven_class,all,extra_trees,2,std_etx_x100,0.010561412999961321,200,"1002,1007"
seven_class,all,extra_trees,2,p95_etx_x100,0.016635627497798074,200,"1002,1007"
seven_class,all,extra_trees,2,mean_rank,0.029130575736018852,200,"1002,1007"
seven_class,all,extra_trees,2,mean_neighbors,0.0,200,"1002,1007"
seven_class,all,extra_trees,2,mean_rssi,0.004120945423691142,200,"1002,1007"
seven_class,all,extra_trees,2,parent_changes_delta,7.242593023032702e-05,200,"1002,1007"
seven_class,all,extra_trees,2,root_mean_etx_x100,0.019258998741557842,200,"1002,1007"
seven_class,all,extra_trees,2,root_mean_rssi,0.0,200,"1002,1007"
seven_class,all,extra_trees,2,queue_drops_delta,4.632182347486941e-05,200,"1002,1007"
seven_class,all,extra_trees,2,client_mac_tx_attempts_delta,0.014154449064067948,200,"1002,1007"
seven_class,all,extra_trees,2,client_mac_acked_delta,0.017438520306942457,200,"1002,1007"
seven_class,all,extra_trees,2,client_mac_rx_delta,0.02873204774660094,200,"1002,1007"
seven_class,all,extra_trees,2,client_mac_ack_ratio,0.010891684707429168,200,"1002,1007"
seven_class,all,extra_trees,2,client_mac_valid_nodes,9.415300417097858e-05,200,"1002,1007"
seven_class,all,extra_trees,2,client_mac_reset_nodes,8.280343775335921e-05,200,"1002,1007"
seven_class,all,extra_trees,2,root_mac_tx_attempts_delta,0.00318401772391983,200,"1002,1007"
seven_class,all,extra_trees,2,root_mac_acked_delta,0.0006169092745268897,200,"1002,1007"
seven_class,all,extra_trees,2,root_mac_rx_delta,0.035496462236296385,200,"1002,1007"
seven_class,all,extra_trees,2,root_mac_ack_ratio,0.006817009872070942,200,"1002,1007"
seven_class,all,extra_trees,2,client_energest_tx_delta,0.017729769900406762,200,"1002,1007"
seven_class,all,extra_trees,2,client_energest_listen_delta,0.01708278166628911,200,"1002,1007"
seven_class,all,extra_trees,2,client_energest_total_delta,0.0003070879720542541,200,"1002,1007"
seven_class,all,extra_trees,2,client_radio_tx_fraction,0.017266520395453303,200,"1002,1007"
seven_class,all,extra_trees,2,root_energest_tx_delta,0.006761994461521327,200,"1002,1007"
seven_class,all,extra_trees,2,root_radio_tx_fraction,0.007466453633949265,200,"1002,1007"
seven_class,all,extra_trees,3,reachable_fraction,0.0,200,"1003,1008"
seven_class,all,extra_trees,3,app_tx_delta,0.0008548154007569711,200,"1003,1008"
seven_class,all,extra_trees,3,app_rx_delta,0.00076885045448321,200,"1003,1008"
seven_class,all,extra_trees,3,app_timeouts_delta,0.0001011631333539517,200,"1003,1008"
seven_class,all,extra_trees,3,route_miss_delta,0.0,200,"1003,1008"
seven_class,all,extra_trees,3,root_server_rx_delta,0.0008743797527461112,200,"1003,1008"
seven_class,all,extra_trees,3,root_server_tx_delta,0.0008886094695148973,200,"1003,1008"
seven_class,all,extra_trees,3,transaction_count,0.0004928992233205425,200,"1003,1008"
seven_class,all,extra_trees,3,transaction_success_count,0.0004551819920557488,200,"1003,1008"
seven_class,all,extra_trees,3,uplink_success_count,0.0004297993023344679,200,"1003,1008"
seven_class,all,extra_trees,3,app_delivery_ratio,0.00011644356468410873,200,"1003,1008"
seven_class,all,extra_trees,3,uplink_delivery_ratio,4.1283261568132345e-05,200,"1003,1008"
seven_class,all,extra_trees,3,mean_rtt_ms,0.0025289043675599536,200,"1003,1008"
seven_class,all,extra_trees,3,median_rtt_ms,0.0008859371921621181,200,"1003,1008"
seven_class,all,extra_trees,3,p95_rtt_ms,0.0009669521634788848,200,"1003,1008"
seven_class,all,extra_trees,3,max_rtt_ms,0.000854661103074,200,"1003,1008"
seven_class,all,extra_trees,3,std_rtt_ms,0.0007619720737525901,200,"1003,1008"
seven_class,all,extra_trees,3,mean_etx_x100,0.02704220569596346,200,"1003,1008"
seven_class,all,extra_trees,3,std_etx_x100,0.01011037968817286,200,"1003,1008"
seven_class,all,extra_trees,3,p95_etx_x100,0.01577247530308014,200,"1003,1008"
seven_class,all,extra_trees,3,mean_rank,0.027122353229664345,200,"1003,1008"
seven_class,all,extra_trees,3,mean_neighbors,0.0,200,"1003,1008"
seven_class,all,extra_trees,3,mean_rssi,0.007626939728269398,200,"1003,1008"
seven_class,all,extra_trees,3,parent_changes_delta,9.029077099146793e-05,200,"1003,1008"
seven_class,all,extra_trees,3,root_mean_etx_x100,0.019930645037465274,200,"1003,1008"
seven_class,all,extra_trees,3,root_mean_rssi,0.0,200,"1003,1008"
seven_class,all,extra_trees,3,queue_drops_delta,4.704756380917366e-05,200,"1003,1008"
seven_class,all,extra_trees,3,client_mac_tx_attempts_delta,0.01460068250579768,200,"1003,1008"
seven_class,all,extra_trees,3,client_mac_acked_delta,0.01744047543839463,200,"1003,1008"
seven_class,all,extra_trees,3,client_mac_rx_delta,0.02950366954121466,200,"1003,1008"
seven_class,all,extra_trees,3,client_mac_ack_ratio,0.011842834053492929,200,"1003,1008"
seven_class,all,extra_trees,3,client_mac_valid_nodes,0.0001024111276827739,200,"1003,1008"
seven_class,all,extra_trees,3,client_mac_reset_nodes,0.00010619440792055029,200,"1003,1008"
seven_class,all,extra_trees,3,root_mac_tx_attempts_delta,0.0036228617798781,200,"1003,1008"
seven_class,all,extra_trees,3,root_mac_acked_delta,0.000678233395910248,200,"1003,1008"
seven_class,all,extra_trees,3,root_mac_rx_delta,0.035287732418286366,200,"1003,1008"
seven_class,all,extra_trees,3,root_mac_ack_ratio,0.006823207239708487,200,"1003,1008"
seven_class,all,extra_trees,3,client_energest_tx_delta,0.017553179953381084,200,"1003,1008"
seven_class,all,extra_trees,3,client_energest_listen_delta,0.016988440320354688,200,"1003,1008"
seven_class,all,extra_trees,3,client_energest_total_delta,0.0003070376572931474,200,"1003,1008"
seven_class,all,extra_trees,3,client_radio_tx_fraction,0.016778291423932674,200,"1003,1008"
seven_class,all,extra_trees,3,root_energest_tx_delta,0.005925111860163528,200,"1003,1008"
seven_class,all,extra_trees,3,root_radio_tx_fraction,0.006718615996919344,200,"1003,1008"
seven_class,all,extra_trees,4,reachable_fraction,0.0,200,"1004,1009"
seven_class,all,extra_trees,4,app_tx_delta,0.0006938880971338071,200,"1004,1009"
seven_class,all,extra_trees,4,app_rx_delta,0.0005484850773648429,200,"1004,1009"
seven_class,all,extra_trees,4,app_timeouts_delta,0.00016136486441845502,200,"1004,1009"
seven_class,all,extra_trees,4,route_miss_delta,0.0,200,"1004,1009"
seven_class,all,extra_trees,4,root_server_rx_delta,0.0007750562634023257,200,"1004,1009"
seven_class,all,extra_trees,4,root_server_tx_delta,0.0008370871958773412,200,"1004,1009"
seven_class,all,extra_trees,4,transaction_count,0.0004592583025419499,200,"1004,1009"
seven_class,all,extra_trees,4,transaction_success_count,0.0004717500306773673,200,"1004,1009"
seven_class,all,extra_trees,4,uplink_success_count,0.0004333814801174346,200,"1004,1009"
seven_class,all,extra_trees,4,app_delivery_ratio,0.00011022697309849145,200,"1004,1009"
seven_class,all,extra_trees,4,uplink_delivery_ratio,5.066599707076992e-05,200,"1004,1009"
seven_class,all,extra_trees,4,mean_rtt_ms,0.002888029040090266,200,"1004,1009"
seven_class,all,extra_trees,4,median_rtt_ms,0.0011444296600517264,200,"1004,1009"
seven_class,all,extra_trees,4,p95_rtt_ms,0.0009353594340674303,200,"1004,1009"
seven_class,all,extra_trees,4,max_rtt_ms,0.0006987622394820288,200,"1004,1009"
seven_class,all,extra_trees,4,std_rtt_ms,0.0009285167623764066,200,"1004,1009"
seven_class,all,extra_trees,4,mean_etx_x100,0.026372794165086255,200,"1004,1009"
seven_class,all,extra_trees,4,std_etx_x100,0.009700141917691729,200,"1004,1009"
seven_class,all,extra_trees,4,p95_etx_x100,0.01527729273013731,200,"1004,1009"
seven_class,all,extra_trees,4,mean_rank,0.028751956890129052,200,"1004,1009"
seven_class,all,extra_trees,4,mean_neighbors,0.0,200,"1004,1009"
seven_class,all,extra_trees,4,mean_rssi,0.0072383208934357094,200,"1004,1009"
seven_class,all,extra_trees,4,parent_changes_delta,0.0001060811866930955,200,"1004,1009"
seven_class,all,extra_trees,4,root_mean_etx_x100,0.02209501995690076,200,"1004,1009"
seven_class,all,extra_trees,4,root_mean_rssi,0.0,200,"1004,1009"
seven_class,all,extra_trees,4,queue_drops_delta,4.619413623963388e-05,200,"1004,1009"
seven_class,all,extra_trees,4,client_mac_tx_attempts_delta,0.01308690547059317,200,"1004,1009"
seven_class,all,extra_trees,4,client_mac_acked_delta,0.017358055112289657,200,"1004,1009"
seven_class,all,extra_trees,4,client_mac_rx_delta,0.0307860560772854,200,"1004,1009"
seven_class,all,extra_trees,4,client_mac_ack_ratio,0.01072900646303051,200,"1004,1009"
seven_class,all,extra_trees,4,client_mac_valid_nodes,0.00013279198988177426,200,"1004,1009"
seven_class,all,extra_trees,4,client_mac_reset_nodes,0.00013216862778428178,200,"1004,1009"
seven_class,all,extra_trees,4,root_mac_tx_attempts_delta,0.0037267370666159995,200,"1004,1009"
seven_class,all,extra_trees,4,root_mac_acked_delta,0.0006502245637793937,200,"1004,1009"
seven_class,all,extra_trees,4,root_mac_rx_delta,0.03807250217763588,200,"1004,1009"
seven_class,all,extra_trees,4,root_mac_ack_ratio,0.007239896435943611,200,"1004,1009"
seven_class,all,extra_trees,4,client_energest_tx_delta,0.01701079594953829,200,"1004,1009"
seven_class,all,extra_trees,4,client_energest_listen_delta,0.016701652301037033,200,"1004,1009"
seven_class,all,extra_trees,4,client_energest_total_delta,0.0002988988170864145,200,"1004,1009"
seven_class,all,extra_trees,4,client_radio_tx_fraction,0.01678928491727917,200,"1004,1009"
seven_class,all,extra_trees,4,root_energest_tx_delta,0.0060532219163606914,200,"1004,1009"
seven_class,all,extra_trees,4,root_radio_tx_fraction,0.007289266850572021,200,"1004,1009"
seven_class,all,extra_trees,5,reachable_fraction,0.0,200,"1005,1010"
seven_class,all,extra_trees,5,app_tx_delta,0.0007756010862101727,200,"1005,1010"
seven_class,all,extra_trees,5,app_rx_delta,0.0006703175191360175,200,"1005,1010"
seven_class,all,extra_trees,5,app_timeouts_delta,0.0002125492315661121,200,"1005,1010"
seven_class,all,extra_trees,5,route_miss_delta,0.0,200,"1005,1010"
seven_class,all,extra_trees,5,root_server_rx_delta,0.0008708210227139621,200,"1005,1010"
seven_class,all,extra_trees,5,root_server_tx_delta,0.0009883510731617325,200,"1005,1010"
seven_class,all,extra_trees,5,transaction_count,0.000374880445817734,200,"1005,1010"
seven_class,all,extra_trees,5,transaction_success_count,0.00030124168586512625,200,"1005,1010"
seven_class,all,extra_trees,5,uplink_success_count,0.00033603927893908705,200,"1005,1010"
seven_class,all,extra_trees,5,app_delivery_ratio,0.00019328949365093718,200,"1005,1010"
seven_class,all,extra_trees,5,uplink_delivery_ratio,3.9028277126552845e-05,200,"1005,1010"
seven_class,all,extra_trees,5,mean_rtt_ms,0.0027328869063961026,200,"1005,1010"
seven_class,all,extra_trees,5,median_rtt_ms,0.0011593375198873394,200,"1005,1010"
seven_class,all,extra_trees,5,p95_rtt_ms,0.001240684959392325,200,"1005,1010"
seven_class,all,extra_trees,5,max_rtt_ms,0.0008949377880417134,200,"1005,1010"
seven_class,all,extra_trees,5,std_rtt_ms,0.0010152725984069067,200,"1005,1010"
seven_class,all,extra_trees,5,mean_etx_x100,0.02866053424085184,200,"1005,1010"
seven_class,all,extra_trees,5,std_etx_x100,0.008932139681240587,200,"1005,1010"
seven_class,all,extra_trees,5,p95_etx_x100,0.016421071402787542,200,"1005,1010"
seven_class,all,extra_trees,5,mean_rank,0.02779917085986027,200,"1005,1010"
seven_class,all,extra_trees,5,mean_neighbors,0.0,200,"1005,1010"
seven_class,all,extra_trees,5,mean_rssi,0.006822229006971295,200,"1005,1010"
seven_class,all,extra_trees,5,parent_changes_delta,9.378192981491971e-05,200,"1005,1010"
seven_class,all,extra_trees,5,root_mean_etx_x100,0.019130564517311186,200,"1005,1010"
seven_class,all,extra_trees,5,root_mean_rssi,0.0,200,"1005,1010"
seven_class,all,extra_trees,5,queue_drops_delta,3.710454491726913e-05,200,"1005,1010"
seven_class,all,extra_trees,5,client_mac_tx_attempts_delta,0.014166693711830757,200,"1005,1010"
seven_class,all,extra_trees,5,client_mac_acked_delta,0.01787150185460729,200,"1005,1010"
seven_class,all,extra_trees,5,client_mac_rx_delta,0.029410581741168264,200,"1005,1010"
seven_class,all,extra_trees,5,client_mac_ack_ratio,0.010909930642662852,200,"1005,1010"
seven_class,all,extra_trees,5,client_mac_valid_nodes,0.00011986700121503194,200,"1005,1010"
seven_class,all,extra_trees,5,client_mac_reset_nodes,9.82659730086699e-05,200,"1005,1010"
seven_class,all,extra_trees,5,root_mac_tx_attempts_delta,0.003763080044879518,200,"1005,1010"
seven_class,all,extra_trees,5,root_mac_acked_delta,0.0007284377616230103,200,"1005,1010"
seven_class,all,extra_trees,5,root_mac_rx_delta,0.034628395795915506,200,"1005,1010"
seven_class,all,extra_trees,5,root_mac_ack_ratio,0.008221557424398396,200,"1005,1010"
seven_class,all,extra_trees,5,client_energest_tx_delta,0.017513818858803123,200,"1005,1010"
seven_class,all,extra_trees,5,client_energest_listen_delta,0.017471705616130734,200,"1005,1010"
seven_class,all,extra_trees,5,client_energest_total_delta,0.00024306063452349147,200,"1005,1010"
seven_class,all,extra_trees,5,client_radio_tx_fraction,0.016873163761231512,200,"1005,1010"
seven_class,all,extra_trees,5,root_energest_tx_delta,0.00652864637631213,200,"1005,1010"
seven_class,all,extra_trees,5,root_radio_tx_fraction,0.0075378653409451475,200,"1005,1010"
attack_subtype,mac,extra_trees,1,queue_drops_delta,0.00025432590890596673,200,"1001,1006"
attack_subtype,mac,extra_trees,1,client_mac_tx_attempts_delta,0.08045308676806433,200,"1001,1006"
attack_subtype,mac,extra_trees,1,client_mac_acked_delta,0.08714642585934022,200,"1001,1006"
attack_subtype,mac,extra_trees,1,client_mac_rx_delta,0.0758553503630069,200,"1001,1006"
attack_subtype,mac,extra_trees,1,client_mac_ack_ratio,0.004101058189090057,200,"1001,1006"
attack_subtype,mac,extra_trees,1,client_mac_valid_nodes,0.0,200,"1001,1006"
attack_subtype,mac,extra_trees,1,client_mac_reset_nodes,0.0,200,"1001,1006"
attack_subtype,mac,extra_trees,1,root_mac_tx_attempts_delta,0.008136733289405639,200,"1001,1006"
attack_subtype,mac,extra_trees,1,root_mac_acked_delta,0.007435142717659149,200,"1001,1006"
attack_subtype,mac,extra_trees,1,root_mac_rx_delta,0.2074146164457514,200,"1001,1006"
attack_subtype,mac,extra_trees,1,root_mac_ack_ratio,0.003371053997167479,200,"1001,1006"
attack_subtype,mac,extra_trees,2,queue_drops_delta,0.0005532492890212826,200,"1002,1007"
attack_subtype,mac,extra_trees,2,client_mac_tx_attempts_delta,0.08138495635874458,200,"1002,1007"
attack_subtype,mac,extra_trees,2,client_mac_acked_delta,0.0905884876534446,200,"1002,1007"
attack_subtype,mac,extra_trees,2,client_mac_rx_delta,0.07685514906364942,200,"1002,1007"
attack_subtype,mac,extra_trees,2,client_mac_ack_ratio,0.002877921732387972,200,"1002,1007"
attack_subtype,mac,extra_trees,2,client_mac_valid_nodes,0.0,200,"1002,1007"
attack_subtype,mac,extra_trees,2,client_mac_reset_nodes,0.0,200,"1002,1007"
attack_subtype,mac,extra_trees,2,root_mac_tx_attempts_delta,0.007161288659072316,200,"1002,1007"
attack_subtype,mac,extra_trees,2,root_mac_acked_delta,0.00724986172809575,200,"1002,1007"
attack_subtype,mac,extra_trees,2,root_mac_rx_delta,0.20666307524425898,200,"1002,1007"
attack_subtype,mac,extra_trees,2,root_mac_ack_ratio,0.003696531102103423,200,"1002,1007"
attack_subtype,mac,extra_trees,3,queue_drops_delta,0.0005808910173077819,200,"1003,1008"
attack_subtype,mac,extra_trees,3,client_mac_tx_attempts_delta,0.07880355773413283,200,"1003,1008"
attack_subtype,mac,extra_trees,3,client_mac_acked_delta,0.08713204976491508,200,"1003,1008"
attack_subtype,mac,extra_trees,3,client_mac_rx_delta,0.0737025055769366,200,"1003,1008"
attack_subtype,mac,extra_trees,3,client_mac_ack_ratio,0.003915707426402962,200,"1003,1008"
attack_subtype,mac,extra_trees,3,client_mac_valid_nodes,0.0,200,"1003,1008"
attack_subtype,mac,extra_trees,3,client_mac_reset_nodes,0.0,200,"1003,1008"
attack_subtype,mac,extra_trees,3,root_mac_tx_attempts_delta,0.008035012915986236,200,"1003,1008"
attack_subtype,mac,extra_trees,3,root_mac_acked_delta,0.00849663446269507,200,"1003,1008"
attack_subtype,mac,extra_trees,3,root_mac_rx_delta,0.205096995679825,200,"1003,1008"
attack_subtype,mac,extra_trees,3,root_mac_ack_ratio,0.0029694737877623127,200,"1003,1008"
attack_subtype,mac,extra_trees,4,queue_drops_delta,0.0009735382034976079,200,"1004,1009"
attack_subtype,mac,extra_trees,4,client_mac_tx_attempts_delta,0.07821555409317323,200,"1004,1009"
attack_subtype,mac,extra_trees,4,client_mac_acked_delta,0.08887630231397402,200,"1004,1009"
attack_subtype,mac,extra_trees,4,client_mac_rx_delta,0.07194968377336747,200,"1004,1009"
attack_subtype,mac,extra_trees,4,client_mac_ack_ratio,0.002716677462775344,200,"1004,1009"
attack_subtype,mac,extra_trees,4,client_mac_valid_nodes,0.0,200,"1004,1009"
attack_subtype,mac,extra_trees,4,client_mac_reset_nodes,0.0,200,"1004,1009"
attack_subtype,mac,extra_trees,4,root_mac_tx_attempts_delta,0.009146432930435301,200,"1004,1009"
attack_subtype,mac,extra_trees,4,root_mac_acked_delta,0.0086780069766333,200,"1004,1009"
attack_subtype,mac,extra_trees,4,root_mac_rx_delta,0.21301392334201583,200,"1004,1009"
attack_subtype,mac,extra_trees,4,root_mac_ack_ratio,0.003167502291596179,200,"1004,1009"
attack_subtype,mac,extra_trees,5,queue_drops_delta,0.0005245091564930333,200,"1005,1010"
attack_subtype,mac,extra_trees,5,client_mac_tx_attempts_delta,0.08396297052441958,200,"1005,1010"
attack_subtype,mac,extra_trees,5,client_mac_acked_delta,0.08855854563110645,200,"1005,1010"
attack_subtype,mac,extra_trees,5,client_mac_rx_delta,0.08219953207589108,200,"1005,1010"
attack_subtype,mac,extra_trees,5,client_mac_ack_ratio,0.003786804517607146,200,"1005,1010"
attack_subtype,mac,extra_trees,5,client_mac_valid_nodes,0.0,200,"1005,1010"
attack_subtype,mac,extra_trees,5,client_mac_reset_nodes,0.0,200,"1005,1010"
attack_subtype,mac,extra_trees,5,root_mac_tx_attempts_delta,0.006695446513087934,200,"1005,1010"
attack_subtype,mac,extra_trees,5,root_mac_acked_delta,0.008388678784749606,200,"1005,1010"
attack_subtype,mac,extra_trees,5,root_mac_rx_delta,0.19649170853544112,200,"1005,1010"
attack_subtype,mac,extra_trees,5,root_mac_ack_ratio,0.004019747314612256,200,"1005,1010"
impairment_severity,routing,extra_trees,1,mean_etx_x100,0.09480721094780208,200,"1001,1006"
impairment_severity,routing,extra_trees,1,std_etx_x100,0.02800779663417462,200,"1001,1006"
impairment_severity,routing,extra_trees,1,p95_etx_x100,0.0471247277339429,200,"1001,1006"
impairment_severity,routing,extra_trees,1,mean_rank,0.11649823774190379,200,"1001,1006"
impairment_severity,routing,extra_trees,1,mean_neighbors,0.0,200,"1001,1006"
impairment_severity,routing,extra_trees,1,mean_rssi,0.019964463269353062,200,"1001,1006"
impairment_severity,routing,extra_trees,1,parent_changes_delta,0.0005841254467369181,200,"1001,1006"
impairment_severity,routing,extra_trees,1,root_mean_etx_x100,0.0654133433536077,200,"1001,1006"
impairment_severity,routing,extra_trees,1,root_mean_rssi,0.0,200,"1001,1006"
impairment_severity,routing,extra_trees,2,mean_etx_x100,0.1004601558477923,200,"1002,1007"
impairment_severity,routing,extra_trees,2,std_etx_x100,0.02726248623908594,200,"1002,1007"
impairment_severity,routing,extra_trees,2,p95_etx_x100,0.04330769683710911,200,"1002,1007"
impairment_severity,routing,extra_trees,2,mean_rank,0.10356564178661257,200,"1002,1007"
impairment_severity,routing,extra_trees,2,mean_neighbors,0.0,200,"1002,1007"
impairment_severity,routing,extra_trees,2,mean_rssi,0.02178292888483242,200,"1002,1007"
impairment_severity,routing,extra_trees,2,parent_changes_delta,0.0007025365737062493,200,"1002,1007"
impairment_severity,routing,extra_trees,2,root_mean_etx_x100,0.07225267013880533,200,"1002,1007"
impairment_severity,routing,extra_trees,2,root_mean_rssi,0.0,200,"1002,1007"
impairment_severity,routing,extra_trees,3,mean_etx_x100,0.10123901732440324,200,"1003,1008"
impairment_severity,routing,extra_trees,3,std_etx_x100,0.02818373403088158,200,"1003,1008"
impairment_severity,routing,extra_trees,3,p95_etx_x100,0.04422490692903756,200,"1003,1008"
impairment_severity,routing,extra_trees,3,mean_rank,0.09896880825069058,200,"1003,1008"
impairment_severity,routing,extra_trees,3,mean_neighbors,0.0,200,"1003,1008"
impairment_severity,routing,extra_trees,3,mean_rssi,0.03134670957836496,200,"1003,1008"
impairment_severity,routing,extra_trees,3,parent_changes_delta,0.0010123143071439674,200,"1003,1008"
impairment_severity,routing,extra_trees,3,root_mean_etx_x100,0.07134207386482563,200,"1003,1008"
impairment_severity,routing,extra_trees,3,root_mean_rssi,0.0,200,"1003,1008"
impairment_severity,routing,extra_trees,4,mean_etx_x100,0.09301381179701593,200,"1004,1009"
impairment_severity,routing,extra_trees,4,std_etx_x100,0.025871527837249043,200,"1004,1009"
impairment_severity,routing,extra_trees,4,p95_etx_x100,0.04068577396419922,200,"1004,1009"
impairment_severity,routing,extra_trees,4,mean_rank,0.1093753160619393,200,"1004,1009"
impairment_severity,routing,extra_trees,4,mean_neighbors,0.0,200,"1004,1009"
impairment_severity,routing,extra_trees,4,mean_rssi,0.031584265913928225,200,"1004,1009"
impairment_severity,routing,extra_trees,4,parent_changes_delta,0.0010811785896686146,200,"1004,1009"
impairment_severity,routing,extra_trees,4,root_mean_etx_x100,0.07751483260139022,200,"1004,1009"
impairment_severity,routing,extra_trees,4,root_mean_rssi,0.0,200,"1004,1009"
impairment_severity,routing,extra_trees,5,mean_etx_x100,0.1033714703272074,200,"1005,1010"
impairment_severity,routing,extra_trees,5,std_etx_x100,0.026595086030166772,200,"1005,1010"
impairment_severity,routing,extra_trees,5,p95_etx_x100,0.04254270924580262,200,"1005,1010"
impairment_severity,routing,extra_trees,5,mean_rank,0.10699123330157803,200,"1005,1010"
impairment_severity,routing,extra_trees,5,mean_neighbors,0.0,200,"1005,1010"
impairment_severity,routing,extra_trees,5,mean_rssi,0.028696933514770227,200,"1005,1010"
impairment_severity,routing,extra_trees,5,parent_changes_delta,0.0008815542318229019,200,"1005,1010"
impairment_severity,routing,extra_trees,5,root_mean_etx_x100,0.07301289579077609,200,"1005,1010"
impairment_severity,routing,extra_trees,5,root_mean_rssi,0.0,200,"1005,1010"
