task,feature_set,model,output_class,feature,mean_abs_shap,sd_abs_shap,folds,explained_samples
attack_subtype,mac,extra_trees,dio_flood,root_mac_rx_delta,0.2751396349118684,0.008627779828989381,5,1000
attack_subtype,mac,extra_trees,dio_flood,client_mac_rx_delta,0.07513196917532097,0.009084578325214593,5,1000
attack_subtype,mac,extra_trees,dio_flood,client_mac_acked_delta,0.06048105625439594,0.0036915669983672936,5,1000
attack_subtype,mac,extra_trees,dio_flood,client_mac_tx_attempts_delta,0.05803035142683499,0.004124830944317138,5,1000
attack_subtype,mac,extra_trees,dio_flood,root_mac_acked_delta,0.012025708678847561,0.0009573076829532554,5,1000
attack_subtype,mac,extra_trees,dio_flood,root_mac_tx_attempts_delta,0.011138606542780344,0.0015086421187189656,5,1000
attack_subtype,mac,extra_trees,dio_flood,client_mac_ack_ratio,0.004388612299022021,0.0014009824871907479,5,1000
attack_subtype,mac,extra_trees,dio_flood,root_mac_ack_ratio,0.004196178193365983,0.0007283572393305816,5,1000
attack_subtype,mac,extra_trees,dio_flood,queue_drops_delta,0.0008313390966436126,0.0004336255944752091,5,1000
attack_subtype,mac,extra_trees,dio_flood,client_mac_reset_nodes,0.0,0.0,5,1000
attack_subtype,mac,extra_trees,dio_flood,client_mac_valid_nodes,0.0,0.0,5,1000
attack_subtype,mac,extra_trees,dis_flood,root_mac_rx_delta,0.19995669945613023,0.008517222596040916,5,1000
attack_subtype,mac,extra_trees,dis_flood,client_mac_rx_delta,0.10687082651859044,0.00488229992033745,5,1000
attack_subtype,mac,extra_trees,dis_flood,client_mac_acked_delta,0.07228241607677167,0.0020896620408498694,5,1000
attack_subtype,mac,extra_trees,dis_flood,client_mac_tx_attempts_delta,0.06283647280244516,0.0019258427340130603,5,1000
attack_subtype,mac,extra_trees,dis_flood,root_mac_acked_delta,0.011885082250402548,0.0009492098728590544,5,1000
attack_subtype,mac,extra_trees,dis_flood,root_mac_tx_attempts_delta,0.011574679685699281,0.0014314555056416805,5,1000
attack_subtype,mac,extra_trees,dis_flood,root_mac_ack_ratio,0.004338393053387013,0.0004322515752854921,5,1000
attack_subtype,mac,extra_trees,dis_flood,client_mac_ack_ratio,0.003836298368162706,0.0006858156240747942,5,1000
attack_subtype,mac,extra_trees,dis_flood,queue_drops_delta,0.0007615219422150426,0.0003830177676666128,5,1000
attack_subtype,mac,extra_trees,dis_flood,client_mac_reset_nodes,0.0,0.0,5,1000
attack_subtype,mac,extra_trees,dis_flood,client_mac_valid_nodes,0.0,0.0,5,1000
attack_subtype,mac,extra_trees,udp_flood,root_mac_rx_delta,0.1421118571803767,0.0029002003822956746,5,1000
attack_subtype,mac,extra_trees,udp_flood,client_mac_acked_delta,0.13261761440250058,0.0021238719312828944,5,1000
attack_subtype,mac,extra_trees,udp_flood,client_mac_tx_attempts_delta,0.12082525105784062,0.0034012657009825347,5,1000
attack_subtype,mac,extra_trees,udp_flood,client_mac_rx_delta,0.04633453681779951,0.0023794240986203157,5,1000
attack_subtype,mac,extra_trees,udp_flood,client_mac_ack_ratio,0.002213990929773359,0.00025326763203256935,5,1000
attack_subtype,mac,extra_trees,udp_flood,root_mac_ack_ratio,0.0018000138491919941,0.0002026455289235822,5,1000
attack_subtype,mac,extra_trees,udp_flood,root_mac_tx_attempts_delta,0.0007916623563128291,0.00015079661799121156,5,1000
attack_subtype,mac,extra_trees,udp_flood,root_mac_acked_delta,0.00023820387264962187,0.00011847492095893878,5,1000
attack_subtype,mac,extra_trees,udp_flood,queue_drops_delta,0.0001390471062767485,0.0001724771919237728,5,1000
attack_subtype,mac,extra_trees,udp_flood,client_mac_reset_nodes,0.0,0.0,5,1000
attack_subtype,mac,extra_trees,udp_flood,client_mac_valid_nodes,0.0,0.0,5,1000
binary_attack,mac,extra_trees,attack,client_mac_rx_delta,0.26053289168398125,0.007414440560668688,5,1000
binary_attack,mac,extra_trees,attack,root_mac_rx_delta,0.10925175304306042,0.0029306324882308783,5,1000
binary_attack,mac,extra_trees,attack,client_mac_ack_ratio,0.059729223234382324,0.002253610646009224,5,1000
binary_attack,mac,extra_trees,attack,client_mac_acked_delta,0.05790575091562382,0.002413349769578247,5,1000
binary_attack,mac,extra_trees,attack,root_mac_ack_ratio,0.04435437205832459,0.0025662989558544866,5,1000
binary_attack,mac,extra_trees,attack,client_mac_tx_attempts_delta,0.03580511871091051,0.0025946710439230147,5,1000
binary_attack,mac,extra_trees,attack,root_mac_tx_attempts_delta,0.017945272817995784,0.0006219234657074638,5,1000
binary_attack,mac,extra_trees,attack,root_mac_acked_delta,0.001814037506345954,0.0002920958126559592,5,1000
binary_attack,mac,extra_trees,attack,client_mac_reset_nodes,0.000637422714687657,0.00012323514362733582,5,1000
binary_attack,mac,extra_trees,attack,client_mac_valid_nodes,0.0005486097036056225,0.00010094056535827356,5,1000
binary_attack,mac,extra_trees,attack,queue_drops_delta,0.0001386995495295471,0.00015588788262695178,5,1000
binary_attack,mac,extra_trees,benign,client_mac_rx_delta,0.260532891683981,0.0074144405606688816,5,1000
binary_attack,mac,extra_trees,benign,root_mac_rx_delta,0.10925175304306096,0.0029306324882307907,5,1000
binary_attack,mac,extra_trees,benign,client_mac_ack_ratio,0.05972922323438236,0.002253610646009222,5,1000
binary_attack,mac,extra_trees,benign,client_mac_acked_delta,0.05790575091562524,0.002413349769578266,5,1000
binary_attack,mac,extra_trees,benign,root_mac_ack_ratio,0.0443543720583247,0.002566298955854504,5,1000
binary_attack,mac,extra_trees,benign,client_mac_tx_attempts_delta,0.03580511871091059,0.0025946710439230815,5,1000
binary_attack,mac,extra_trees,benign,root_mac_tx_attempts_delta,0.01794527281799557,0.0006219234657073821,5,1000
binary_attack,mac,extra_trees,benign,root_mac_acked_delta,0.001814037506345957,0.00029209581265595845,5,1000
binary_attack,mac,extra_trees,benign,client_mac_reset_nodes,0.0006374227146876529,0.00012323514362733439,5,1000
binary_attack,mac,extra_trees,benign,client_mac_valid_nodes,0.0005486097036056284,0.00010094056535828285,5,1000
binary_attack,mac,extra_trees,benign,queue_drops_delta,0.00013869954952954632,0.00015588788262693942,5,1000
cause_family,all,random_forest,attack,client_mac_rx_delta,0.08011583148112322,0.0011563756243755054,5,1000
cause_family,all,random_forest,attack,mean_rank,0.07692191157895951,0.00390086063210643,5,1000
cause_family,all,random_forest,attack,client_energest_listen_delta,0.07120612591236866,0.0035206671376501694,5,1000
cause_family,all,random_forest,attack,client_energest_tx_delta,0.06796390143663425,0.003960526459980658,5,1000
cause_family,all,random_forest,attack,client_radio_tx_fraction,0.065593687082612,0.003548068099027142,5,1000
cause_family,all,random_forest,attack,mean_etx_x100,0.04320234694775732,0.0015730592400434388,5,1000
cause_family,all,random_forest,attack,root_mac_rx_delta,0.028529786726820015,0.0015984017564236444,5,1000
cause_family,all,random_forest,attack,root_mean_etx_x100,0.022963231531965687,0.0030264433728996614,5,1000
cause_family,all,random_forest,attack,client_mac_ack_ratio,0.020480639698443343,0.0035827988222071395,5,1000
cause_family,all,random_forest,attack,p95_etx_x100,0.019730687121991598,0.000672580679516158,5,1000
cause_family,all,random_forest,attack,std_etx_x100,0.012219144276617099,0.0007998252723955591,5,1000
cause_family,all,random_forest,attack,client_mac_acked_delta,0.011941586902061489,0.001325023802288879,5,1000
cause_family,all,random_forest,attack,client_mac_tx_attempts_delta,0.01124104730594553,0.0021119557071203497,5,1000
cause_family,all,random_forest,attack,root_energest_tx_delta,0.008837589791447763,0.0013518776540631132,5,1000
cause_family,all,random_forest,attack,root_radio_tx_fraction,0.006076690980507905,0.0008885029399523987,5,1000
cause_family,all,random_forest,attack,mean_rssi,0.005284660565218656,0.005389912390242821,5,1000
cause_family,all,random_forest,attack,root_mac_ack_ratio,0.0051485175998372875,0.0005284045792921372,5,1000
cause_family,all,random_forest,attack,root_mac_tx_attempts_delta,0.005123796612393497,0.0003751218450151835,5,1000
cause_family,all,random_forest,attack,mean_rtt_ms,0.001483209112056332,0.000222233843823131,5,1000
cause_family,all,random_forest,attack,app_rx_delta,0.0011263449047297148,0.00013166516460961592,5,1000
cause_family,all,random_forest,attack,app_tx_delta,0.0008831474781326396,0.00027969693731670354,5,1000
cause_family,all,random_forest,attack,p95_rtt_ms,0.0007766092309403723,0.00021478881552542615,5,1000
cause_family,all,random_forest,attack,median_rtt_ms,0.000739465312038008,0.00012211482300589094,5,1000
cause_family,all,random_forest,attack,std_rtt_ms,0.0006972795207118307,0.00016441822425039006,5,1000
cause_family,all,random_forest,attack,max_rtt_ms,0.0006224888203771324,0.00012776239753398507,5,1000
cause_family,all,random_forest,attack,root_server_rx_delta,0.0005767117830246072,0.00024456952755161235,5,1000
cause_family,all,random_forest,attack,root_server_tx_delta,0.0005663594374398734,0.0002086498854144129,5,1000
cause_family,all,random_forest,attack,root_mac_acked_delta,0.0005133303740878026,7.946906741592032e-05,5,1000
cause_family,all,random_forest,attack,transaction_success_count,0.00043950736805560076,0.0001809780834643107,5,1000
cause_family,all,random_forest,attack,uplink_success_count,0.0004301504361990464,0.00016869971911967705,5,1000
cause_family,all,random_forest,attack,transaction_count,0.000390366341778544,0.0002029620211152796,5,1000
cause_family,all,random_forest,attack,client_energest_total_delta,0.00020214407622535556,0.00010988520960809138,5,1000
cause_family,all,random_forest,attack,client_mac_valid_nodes,3.745665746035838e-05,1.0513418380156733e-05,5,1000
cause_family,all,random_forest,attack,parent_changes_delta,2.9436849327216366e-05,2.54028995174958e-05,5,1000
cause_family,all,random_forest,attack,client_mac_reset_nodes,1.467315540953579e-05,3.968529832918978e-06,5,1000
cause_family,all,random_forest,attack,app_delivery_ratio,3.465287503962285e-06,3.98636245175414e-06,5,1000
cause_family,all,random_forest,attack,app_timeouts_delta,3.1291158034833315e-06,3.0670344274715984e-06,5,1000
cause_family,all,random_forest,attack,queue_drops_delta,4.968898738094845e-07,1.1110795351690475e-06,5,1000
cause_family,all,random_forest,attack,uplink_delivery_ratio,2.6589094780229497e-19,2.8639724313282943e-19,5,1000
cause_family,all,random_forest,attack,mean_neighbors,0.0,0.0,5,1000
cause_family,all,random_forest,attack,reachable_fraction,0.0,0.0,5,1000
cause_family,all,random_forest,attack,root_mean_rssi,0.0,0.0,5,1000
cause_family,all,random_forest,attack,route_miss_delta,0.0,0.0,5,1000
cause_family,all,random_forest,impairment,mean_rank,0.14062107272444968,0.0021716755753566496,5,1000
cause_family,all,random_forest,impairment,mean_etx_x100,0.08931347041590863,0.003646992487041926,5,1000
cause_family,all,random_forest,impairment,root_mean_etx_x100,0.05584356540882809,0.005359128177955877,5,1000
cause_family,all,random_forest,impairment,p95_etx_x100,0.04029290645618768,0.002138879280820258,5,1000
cause_family,all,random_forest,impairment,client_mac_ack_ratio,0.028832653061213253,0.004520326537002139,5,1000
cause_family,all,random_forest,impairment,std_etx_x100,0.024145714921958956,0.0031137690145507722,5,1000
cause_family,all,random_forest,impairment,client_mac_rx_delta,0.019124629361296386,0.0012446397124305185,5,1000
cause_family,all,random_forest,impairment,mean_rssi,0.01207732764750351,0.01362300736228793,5,1000
cause_family,all,random_forest,impairment,root_mac_rx_delta,0.01024237462680895,0.00098525068470816,5,1000
cause_family,all,random_forest,impairment,client_mac_tx_attempts_delta,0.008837001093164775,0.0014232591441779793,5,1000
cause_family,all,random_forest,impairment,root_mac_ack_ratio,0.008629128187758656,0.0007252886333341553,5,1000
cause_family,all,random_forest,impairment,root_mac_tx_attempts_delta,0.007661385636659227,0.0004850590482995332,5,1000
cause_family,all,random_forest,impairment,client_energest_tx_delta,0.007532565304688379,0.0010266218967769365,5,1000
cause_family,all,random_forest,impairment,client_energest_listen_delta,0.006712800965651683,0.0007779822347463612,5,1000
cause_family,all,random_forest,impairment,client_mac_acked_delta,0.0058814027824027875,0.0009376651263886476,5,1000
cause_family,all,random_forest,impairment,client_radio_tx_fraction,0.0058275460879294375,0.0007247322492494996,5,1000
cause_family,all,random_forest,impairment,root_radio_tx_fraction,0.0031751212649493072,0.000527904079998695,5,1000
cause_family,all,random_forest,impairment,mean_rtt_ms,0.0029167396782734376,0.0003395916758347819,5,1000
cause_family,all,random_forest,impairment,root_energest_tx_delta,0.0029059340489874237,0.0003886004517680775,5,1000
cause_family,all,random_forest,impairment,median_rtt_ms,0.0012806119368966669,0.00029621525887822177,5,1000
cause_family,all,random_forest,impairment,p95_rtt_ms,0.0011411226931234738,0.00043867831364196414,5,1000
cause_family,all,random_forest,impairment,max_rtt_ms,0.0011185457744699722,0.00025785740314692715,5,1000
cause_family,all,random_forest,impairment,std_rtt_ms,0.0007155679517520206,0.0003755348619394107,5,1000
cause_family,all,random_forest,impairment,app_rx_delta,0.0003024963444589493,0.00010283819082843516,5,1000
cause_family,all,random_forest,impairment,root_mac_acked_delta,0.0002360741742229997,0.00010281991603852499,5,1000
cause_family,all,random_forest,impairment,root_server_rx_delta,0.00021213216726991783,8.417807890212894e-05,5,1000
cause_family,all,random_forest,impairment,root_server_tx_delta,0.00020103040377838282,7.868433426923987e-05,5,1000
cause_family,all,random_forest,impairment,app_tx_delta,0.0001917659727333633,5.4420865570518205e-05,5,1000
cause_family,all,random_forest,impairment,transaction_success_count,0.00014812969269501053,4.3685464156081875e-05,5,1000
cause_family,all,random_forest,impairment,transaction_count,0.0001361642182691727,3.1020420782672036e-05,5,1000
cause_family,all,random_forest,impairment,uplink_success_count,0.00013389592761353287,4.4617902336104405e-05,5,1000
cause_family,all,random_forest,impairment,client_energest_total_delta,7.324500367674213e-05,4.8368610999916963e-05,5,1000
cause_family,all,random_forest,impairment,client_mac_valid_nodes,5.072401950076496e-05,1.1445269404992184e-05,5,1000
cause_family,all,random_forest,impairment,parent_changes_delta,3.09032891352825e-05,2.72443444417806e-05,5,1000
cause_family,all,random_forest,impairment,client_mac_reset_nodes,1.4710002309689454e-05,3.991418611779355e-06,5,1000
cause_family,all,random_forest,impairment,app_timeouts_delta,1.3927262188316807e-05,1.1119186882861994e-05,5,1000
cause_family,all,random_forest,impairment,app_delivery_ratio,5.240481807801116e-06,8.091862532084482e-06,5,1000
cause_family,all,random_forest,impairment,uplink_delivery_ratio,1.011652435961229e-06,2.2621236164106704e-06,5,1000
cause_family,all,random_forest,impairment,queue_drops_delta,6.980990817928764e-08,1.5609970019092287e-07,5,1000
cause_family,all,random_forest,impairment,mean_neighbors,0.0,0.0,5,1000
cause_family,all,random_forest,impairment,reachable_fraction,0.0,0.0,5,1000
cause_family,all,random_forest,impairment,root_mean_rssi,0.0,0.0,5,1000
cause_family,all,random_forest,impairment,route_miss_delta,0.0,0.0,5,1000
cause_family,all,random_forest,normal,client_energest_listen_delta,0.07295155225927749,0.004306705881793339,5,1000
cause_family,all,random_forest,normal,client_energest_tx_delta,0.07047186297873571,0.0035859483190138234,5,1000
cause_family,all,random_forest,normal,client_radio_tx_fraction,0.06601737392267484,0.003086406226243064,5,1000
cause_family,all,random_forest,normal,mean_rank,0.06383202724633061,0.00265881362464974,5,1000
cause_family,all,random_forest,normal,client_mac_rx_delta,0.06100052126596265,0.0013453219667548576,5,1000
cause_family,all,random_forest,normal,mean_etx_x100,0.047126005245288295,0.0029485324891988384,5,1000
cause_family,all,random_forest,normal,root_mean_etx_x100,0.03321356624096287,0.002767177537351602,5,1000
cause_family,all,random_forest,normal,p95_etx_x100,0.021174100825630593,0.002039019889402929,5,1000
cause_family,all,random_forest,normal,root_mac_rx_delta,0.018288990887083197,0.001119759263963106,5,1000
cause_family,all,random_forest,normal,std_etx_x100,0.012879395517933268,0.003157253866959256,5,1000
cause_family,all,random_forest,normal,root_energest_tx_delta,0.010002443704200233,0.0009910461486459105,5,1000
cause_family,all,random_forest,normal,client_mac_tx_attempts_delta,0.008881364164696329,0.001454469597742577,5,1000
cause_family,all,random_forest,normal,client_mac_ack_ratio,0.008640103326927228,0.0014192654377206855,5,1000
cause_family,all,random_forest,normal,root_radio_tx_fraction,0.007571660944836479,0.00028010567220743956,5,1000
cause_family,all,random_forest,normal,mean_rssi,0.006888387654688824,0.00844106152951542,5,1000
cause_family,all,random_forest,normal,client_mac_acked_delta,0.0063823898356871606,0.0006417237853894849,5,1000
cause_family,all,random_forest,normal,root_mac_ack_ratio,0.004540645371045954,0.0006338348428760719,5,1000
cause_family,all,random_forest,normal,root_mac_tx_attempts_delta,0.002745559746379906,0.0002632329737615483,5,1000
cause_family,all,random_forest,normal,mean_rtt_ms,0.0017603924478520351,0.0005154948014534714,5,1000
cause_family,all,random_forest,normal,app_rx_delta,0.0013839412169759512,0.00016534921616358008,5,1000
cause_family,all,random_forest,normal,median_rtt_ms,0.001335668688954485,0.00038439075421452446,5,1000
cause_family,all,random_forest,normal,p95_rtt_ms,0.000966328142272466,0.00031393449288323366,5,1000
cause_family,all,random_forest,normal,app_tx_delta,0.0009536597159514077,0.0003370779086523065,5,1000
cause_family,all,random_forest,normal,max_rtt_ms,0.000944465343624459,0.0002514466853689886,5,1000
cause_family,all,random_forest,normal,std_rtt_ms,0.0008312617337313821,0.000100354901913053,5,1000
cause_family,all,random_forest,normal,root_server_rx_delta,0.0007288360424150764,0.0003157076952700563,5,1000
cause_family,all,random_forest,normal,root_server_tx_delta,0.0006996939298027973,0.000264329357433458,5,1000
cause_family,all,random_forest,normal,root_mac_acked_delta,0.0006867662177180199,0.00017377116413467932,5,1000
cause_family,all,random_forest,normal,transaction_success_count,0.0004882839600788921,0.0002196873567804855,5,1000
cause_family,all,random_forest,normal,uplink_success_count,0.0004705264288798462,0.00018794545578020445,5,1000
cause_family,all,random_forest,normal,transaction_count,0.0004574958257347837,0.00019093278953081708,5,1000
cause_family,all,random_forest,normal,client_energest_total_delta,0.00022605126055243882,0.00015440386418044718,5,1000
cause_family,all,random_forest,normal,app_timeouts_delta,1.600265626616915e-05,1.1570502537125089e-05,5,1000
cause_family,all,random_forest,normal,client_mac_valid_nodes,1.3267362040412784e-05,1.5499192986922937e-06,5,1000
cause_family,all,random_forest,normal,app_delivery_ratio,7.423272978046002e-06,1.2331240777276038e-05,5,1000
cause_family,all,random_forest,normal,parent_changes_delta,1.4664398080684132e-06,2.128327248155077e-06,5,1000
cause_family,all,random_forest,normal,uplink_delivery_ratio,1.0116524359606918e-06,2.2621236164113146e-06,5,1000
cause_family,all,random_forest,normal,queue_drops_delta,5.666997819885011e-07,1.2671792353603182e-06,5,1000
cause_family,all,random_forest,normal,client_mac_reset_nodes,3.6846900154402016e-08,8.239217350539041e-08,5,1000
cause_family,all,random_forest,normal,mean_neighbors,0.0,0.0,5,1000
cause_family,all,random_forest,normal,reachable_fraction,0.0,0.0,5,1000
cause_family,all,random_forest,normal,root_mean_rssi,0.0,0.0,5,1000
cause_family,all,random_forest,normal,route_miss_delta,0.0,0.0,5,1000
impairment_severity,routing,extra_trees,Clean,mean_rank,0.120795030586581,0.0034193932847332354,5,1000
impairment_severity,routing,extra_trees,Clean,mean_etx_x100,0.10089646577596283,0.0023804012871963577,5,1000
impairment_severity,routing,extra_trees,Clean,root_mean_etx_x100,0.05581224564349706,0.0030930608320587907,5,1000
impairment_severity,routing,extra_trees,Clean,p95_etx_x100,0.051317113518167125,0.00234152738903215,5,1000
impairment_severity,routing,extra_trees,Clean,std_etx_x100,0.03429133699410646,0.0005820169489189098,5,1000
impairment_severity,routing,extra_trees,Clean,mean_rssi,0.01319625812941872,0.0038971592572353765,5,1000
impairment_severity,routing,extra_trees,Clean,parent_changes_delta,0.00023852530120867303,2.4599395426647856e-05,5,1000
impairment_severity,routing,extra_trees,Clean,mean_neighbors,0.0,0.0,5,1000
impairment_severity,routing,extra_trees,Clean,root_mean_rssi,0.0,0.0,5,1000
impairment_severity,routing,extra_trees,RX60,mean_etx_x100,0.09466789465695653,0.006979944911349987,5,1000
impairment_severity,routing,extra_trees,RX60,mean_rank,0.0932702479094186,0.01539254492916932,5,1000
impairment_severity,routing,extra_trees,RX60,root_mean_etx_x100,0.08659805634621705,0.008149985470276806,5,1000
impairment_severity,routing,extra_trees,RX60,mean_rssi,0.04366297892865751,0.012321936059567136,5,1000
impairment_severity,routing,extra_trees,RX60,p95_etx_x100,0.04189380265937409,0.0030257508088208105,5,1000
impairment_severity,routing,extra_trees,RX60,std_etx_x100,0.024650606953422995,0.0015361012132446288,5,1000
impairment_severity,routing,extra_trees,RX60,parent_changes_delta,0.0005672365103267038,0.00030913917818793614,5,1000
impairment_severity,routing,extra_trees,RX60,mean_neighbors,0.0,0.0,5,1000
impairment_severity,routing,extra_trees,RX60,root_mean_rssi,0.0,0.0,5,1000
impairment_severity,routing,extra_trees,RX75,mean_rank,0.09960584140573427,0.01278298303904161,5,1000
impairment_severity,routing,extra_trees,RX75,mean_etx_x100,0.09772512579055835,0.007228205786311425,5,1000
impairment_severity,routing,extra_trees,RX75,root_mean_etx_x100,0.0791956771202866,0.005661048835161869,5,1000
impairment_severity,routing,extra_trees,RX75,p95_etx_x100,0.04009763368363649,0.004745183596693009,5,1000
impairment_severity,routing,extra_trees,RX75,mean_rssi,0.0270209729275242,0.008655868824826315,5,1000
impairment_severity,routing,extra_trees,RX75,std_etx_x100,0.024332128933854676,0.0022503850580893386,5,1000
impairment_severity,routing,extra_trees,RX75,parent_changes_delta,0.001320191396799572,0.0005466673173664369,5,1000
impairment_severity,routing,extra_trees,RX75,mean_neighbors,0.0,0.0,5,1000
impairment_severity,routing,extra_trees,RX75,root_mean_rssi,0.0,0.0,5,1000
impairment_severity,routing,extra_trees,RX90,mean_rank,0.11464826981244565,0.005327242295383614,5,1000
impairment_severity,routing,extra_trees,RX90,mean_etx_x100,0.1010238467718989,0.007791002272778744,5,1000
impairment_severity,routing,extra_trees,RX90,root_mean_etx_x100,0.06602267348952329,0.008959893857008114,5,1000
impairment_severity,routing,extra_trees,RX90,p95_etx_x100,0.041000101906895445,0.0016933458679621635,5,1000
impairment_severity,routing,extra_trees,RX90,std_etx_x100,0.02546243173586226,0.0013787602421726473,5,1000
impairment_severity,routing,extra_trees,RX90,mean_rssi,0.022820030943398666,0.007754316230401767,5,1000
impairment_severity,routing,extra_trees,RX90,parent_changes_delta,0.0012834141109279722,0.0005346270834288827,5,1000
impairment_severity,routing,extra_trees,RX90,mean_neighbors,0.0,0.0,5,1000
impairment_severity,routing,extra_trees,RX90,root_mean_rssi,0.0,0.0,5,1000
seven_class,all,extra_trees,Clean,client_mac_rx_delta,0.053362957850376994,0.0019249522309200179,5,1000
seven_class,all,extra_trees,Clean,client_energest_listen_delta,0.03639039497142873,0.002347370466314623,5,1000
seven_class,all,extra_trees,Clean,client_energest_tx_delta,0.03582223935583269,0.0014490803276233277,5,1000
seven_class,all,extra_trees,Clean,client_radio_tx_fraction,0.03560584880382107,0.0010863974146766862,5,1000
seven_class,all,extra_trees,Clean,mean_rank,0.033506392674429536,0.0010346066109113592,5,1000
seven_class,all,extra_trees,Clean,mean_etx_x100,0.028471249126726727,0.0009582509493629902,5,1000
seven_class,all,extra_trees,Clean,root_mean_etx_x100,0.017855869376519586,0.0009792215615325298,5,1000
seven_class,all,extra_trees,Clean,p95_etx_x100,0.017119342364199226,0.0008313056305680807,5,1000
seven_class,all,extra_trees,Clean,root_mac_rx_delta,0.015948148165457275,0.0004398623274943526,5,1000
seven_class,all,extra_trees,Clean,std_etx_x100,0.01026807407531723,0.0008181340067503011,5,1000
seven_class,all,extra_trees,Clean,client_mac_ack_ratio,0.010244084897095777,0.00036380149780159635,5,1000
seven_class,all,extra_trees,Clean,client_mac_acked_delta,0.009730692378714522,0.00019685582997884058,5,1000
seven_class,all,extra_trees,Clean,client_mac_tx_attempts_delta,0.00891407218174434,0.0007193809751419573,5,1000
seven_class,all,extra_trees,Clean,root_mac_ack_ratio,0.00870810319016243,0.0013283284013506976,5,1000
seven_class,all,extra_trees,Clean,root_radio_tx_fraction,0.006783951961198698,0.0005071425201691338,5,1000
seven_class,all,extra_trees,Clean,root_energest_tx_delta,0.006370984550703571,0.0008306790346560622,5,1000
seven_class,all,extra_trees,Clean,mean_rssi,0.0032792066767210067,0.0021176279999833405,5,1000
seven_class,all,extra_trees,Clean,root_mac_tx_attempts_delta,0.0030519904451186885,0.0005501337616271497,5,1000
seven_class,all,extra_trees,Clean,mean_rtt_ms,0.002138678141167596,0.0003881036978551537,5,1000
seven_class,all,extra_trees,Clean,root_server_tx_delta,0.0011171808221880032,5.367417682680994e-05,5,1000
seven_class,all,extra_trees,Clean,root_server_rx_delta,0.001109194793841993,0.000128626241526235,5,1000
seven_class,all,extra_trees,Clean,median_rtt_ms,0.0010645254362948967,0.0001774194441380038,5,1000
seven_class,all,extra_trees,Clean,app_tx_delta,0.0010353016259875788,0.00022236552968655154,5,1000
seven_class,all,extra_trees,Clean,root_mac_acked_delta,0.000915905620570238,0.00010104484975114211,5,1000
seven_class,all,extra_trees,Clean,app_rx_delta,0.0008656950645088578,0.00011358396589422532,5,1000
seven_class,all,extra_trees,Clean,p95_rtt_ms,0.0007520735220186877,0.00037454503228863563,5,1000
seven_class,all,extra_trees,Clean,max_rtt_ms,0.0006030663680032208,0.0002076555305891721,5,1000
seven_class,all,extra_trees,Clean,std_rtt_ms,0.0005761659830608528,0.00013824869665283887,5,1000
seven_class,all,extra_trees,Clean,transaction_success_count,0.0004984884400488327,6.953202241029741e-05,5,1000
seven_class,all,extra_trees,Clean,transaction_count,0.0004964091974721337,9.297063038971983e-05,5,1000
seven_class,all,extra_trees,Clean,uplink_success_count,0.00045368261187619913,4.07401725816122e-05,5,1000
seven_class,all,extra_trees,Clean,client_energest_total_delta,0.0002679966026861336,0.00012456526052948962,5,1000
seven_class,all,extra_trees,Clean,app_timeouts_delta,0.00012216040561847908,6.615143452941448e-05,5,1000
seven_class,all,extra_trees,Clean,app_delivery_ratio,5.518295185621999e-05,4.262351709430015e-05,5,1000
seven_class,all,extra_trees,Clean,client_mac_valid_nodes,4.355777554336149e-05,7.646868697742845e-06,5,1000
seven_class,all,extra_trees,Clean,client_mac_reset_nodes,2.832068496917598e-05,3.536326417079106e-06,5,1000
seven_class,all,extra_trees,Clean,uplink_delivery_ratio,1.654991697740693e-05,2.75111279900112e-06,5,1000
seven_class,all,extra_trees,Clean,queue_drops_delta,1.3543815725859172e-05,3.508807190886588e-06,5,1000
seven_class,all,extra_trees,Clean,parent_changes_delta,1.0944689013788208e-05,3.907906415286051e-06,5,1000
seven_class,all,extra_trees,Clean,mean_neighbors,0.0,0.0,5,1000
seven_class,all,extra_trees,Clean,reachable_fraction,0.0,0.0,5,1000
seven_class,all,extra_trees,Clean,root_mean_rssi,0.0,0.0,5,1000
seven_class,all,extra_trees,Clean,route_miss_delta,0.0,0.0,5,1000
seven_class,all,extra_trees,DIO_Flood,root_mac_rx_delta,0.06850792956231452,0.003971015186202076,5,1000
seven_class,all,extra_trees,DIO_Flood,client_mac_rx_delta,0.04931899215159535,0.004436067734608532,5,1000
seven_class,all,extra_trees,DIO_Flood,mean_rank,0.025207681917381652,0.0015292636398789633,5,1000
seven_class,all,extra_trees,DIO_Flood,client_energest_tx_delta,0.022342701603103966,0.0013816742313259086,5,1000
seven_class,all,extra_trees,DIO_Flood,client_energest_listen_delta,0.022180253808709974,0.001628871469569526,5,1000
seven_class,all,extra_trees,DIO_Flood,client_radio_tx_fraction,0.022026692885826864,0.0012214242376427692,5,1000
seven_class,all,extra_trees,DIO_Flood,mean_etx_x100,0.02051580474676199,0.0010157098490097365,5,1000
seven_class,all,extra_trees,DIO_Flood,p95_etx_x100,0.013395659873099444,0.0013660659582031315,5,1000
seven_class,all,extra_trees,DIO_Flood,client_mac_ack_ratio,0.011746093344870253,0.0008257021884804356,5,1000
seven_class,all,extra_trees,DIO_Flood,client_mac_tx_attempts_delta,0.011696775586043939,0.0008518925669017467,5,1000
seven_class,all,extra_trees,DIO_Flood,root_mean_etx_x100,0.010947260634671635,0.001208429560491176,5,1000
seven_class,all,extra_trees,DIO_Flood,client_mac_acked_delta,0.009581591440692375,0.0006622893013713442,5,1000
seven_class,all,extra_trees,DIO_Flood,root_radio_tx_fraction,0.008186475511060758,0.000492663217097309,5,1000
seven_class,all,extra_trees,DIO_Flood,std_etx_x100,0.007674670596774102,0.0010286630520870807,5,1000
seven_class,all,extra_trees,DIO_Flood,root_energest_tx_delta,0.007252484822142284,0.0009198341401272602,5,1000
seven_class,all,extra_trees,DIO_Flood,root_mac_ack_ratio,0.006833723632514888,0.001396701016756641,5,1000
seven_class,all,extra_trees,DIO_Flood,root_mac_tx_attempts_delta,0.004243117386048378,5.7177915605856044e-05,5,1000
seven_class,all,extra_trees,DIO_Flood,mean_rssi,0.0029027053586315106,0.0014013115631482387,5,1000
seven_class,all,extra_trees,DIO_Flood,mean_rtt_ms,0.002892287753037304,0.0004278297080716806,5,1000
seven_class,all,extra_trees,DIO_Flood,std_rtt_ms,0.0016798547096417802,0.00042590839704840063,5,1000
seven_class,all,extra_trees,DIO_Flood,root_server_tx_delta,0.001426785673636436,0.00015727671897513827,5,1000
seven_class,all,extra_trees,DIO_Flood,p95_rtt_ms,0.0013639747194977383,0.000266454316500625,5,1000
seven_class,all,extra_trees,DIO_Flood,root_server_rx_delta,0.001347227031199531,9.581658653042824e-05,5,1000
seven_class,all,extra_trees,DIO_Flood,app_tx_delta,0.0012980483801450597,0.0003098884412709487,5,1000
seven_class,all,extra_trees,DIO_Flood,median_rtt_ms,0.0012829881424086206,0.0001491181440294103,5,1000
seven_class,all,extra_trees,DIO_Flood,app_rx_delta,0.001261105385899024,0.0002526528941518643,5,1000
seven_class,all,extra_trees,DIO_Flood,root_mac_acked_delta,0.0011050711637055235,0.00018195552647151396,5,1000
seven_class,all,extra_trees,DIO_Flood,max_rtt_ms,0.0010834460074282772,0.00015109528658266362,5,1000
seven_class,all,extra_trees,DIO_Flood,transaction_count,0.0006692076396552523,0.00010708510359985528,5,1000
seven_class,all,extra_trees,DIO_Flood,transaction_success_count,0.0006112343372536622,0.00016350711805404133,5,1000
seven_class,all,extra_trees,DIO_Flood,uplink_success_count,0.000576769776939634,0.0001248764153790265,5,1000
seven_class,all,extra_trees,DIO_Flood,client_energest_total_delta,0.0005297380008502007,0.00021336082673829214,5,1000
seven_class,all,extra_trees,DIO_Flood,app_timeouts_delta,0.00012763873368779513,8.437612814076907e-05,5,1000
seven_class,all,extra_trees,DIO_Flood,uplink_delivery_ratio,9.211395217585852e-05,4.893367879631475e-05,5,1000
seven_class,all,extra_trees,DIO_Flood,queue_drops_delta,8.817934566679149e-05,4.898025803472594e-05,5,1000
seven_class,all,extra_trees,DIO_Flood,app_delivery_ratio,8.668691333254774e-05,3.494240525251123e-05,5,1000
seven_class,all,extra_trees,DIO_Flood,client_mac_valid_nodes,4.1997213351242236e-05,1.0649824995001194e-05,5,1000
seven_class,all,extra_trees,DIO_Flood,client_mac_reset_nodes,3.501955427339584e-05,3.663534548717948e-06,5,1000
seven_class,all,extra_trees,DIO_Flood,parent_changes_delta,1.5719914883328556e-05,4.673572334641228e-06,5,1000
seven_class,all,extra_trees,DIO_Flood,mean_neighbors,0.0,0.0,5,1000
seven_class,all,extra_trees,DIO_Flood,reachable_fraction,0.0,0.0,5,1000
seven_class,all,extra_trees,DIO_Flood,root_mean_rssi,0.0,0.0,5,1000
seven_class,all,extra_trees,DIO_Flood,route_miss_delta,0.0,0.0,5,1000
seven_class,all,extra_trees,DIS_Flood,root_mac_rx_delta,0.07362111363225386,0.004351959350193389,5,1000
seven_class,all,extra_trees,DIS_Flood,client_mac_rx_delta,0.05572289139684602,0.004479224926256149,5,1000
seven_class,all,extra_trees,DIS_Flood,mean_rank,0.015732710813176513,0.0015745168254190588,5,1000
seven_class,all,extra_trees,DIS_Flood,mean_etx_x100,0.014825054798153606,0.0006792724967596827,5,1000
seven_class,all,extra_trees,DIS_Flood,client_energest_tx_delta,0.014012012461403562,0.00047784545571262184,5,1000
seven_class,all,extra_trees,DIS_Flood,client_energest_listen_delta,0.01383986200065442,0.0011175983149794946,5,1000
seven_class,all,extra_trees,DIS_Flood,client_radio_tx_fraction,0.013451872152594958,0.0004808167159428851,5,1000
seven_class,all,extra_trees,DIS_Flood,client_mac_tx_attempts_delta,0.01276836129432076,0.0012705574911176711,5,1000
seven_class,all,extra_trees,DIS_Flood,client_mac_acked_delta,0.012726383926528851,0.0007620727711295702,5,1000
seven_class,all,extra_trees,DIS_Flood,p95_etx_x100,0.011746520102653377,0.0012620261490974437,5,1000
seven_class,all,extra_trees,DIS_Flood,root_mean_etx_x100,0.010189706318979398,0.0005823835568157872,5,1000
seven_class,all,extra_trees,DIS_Flood,client_mac_ack_ratio,0.008004989910286888,0.0009533217880785719,5,1000
seven_class,all,extra_trees,DIS_Flood,std_etx_x100,0.007876788398069715,0.0002531542043864319,5,1000
seven_class,all,extra_trees,DIS_Flood,root_radio_tx_fraction,0.007216393773055887,0.00019632904724975342,5,1000
seven_class,all,extra_trees,DIS_Flood,root_energest_tx_delta,0.006632547928353542,0.0004277204018969502,5,1000
seven_class,all,extra_trees,DIS_Flood,root_mac_ack_ratio,0.005074561893397185,0.0003273405330865268,5,1000
seven_class,all,extra_trees,DIS_Flood,root_mac_tx_attempts_delta,0.003357811723356487,0.0002314539433997312,5,1000
seven_class,all,extra_trees,DIS_Flood,mean_rssi,0.002931564446605518,0.002584201901726735,5,1000
seven_class,all,extra_trees,DIS_Flood,root_server_tx_delta,0.0020738361272692406,0.00020040877829229634,5,1000
seven_class,all,extra_trees,DIS_Flood,root_server_rx_delta,0.0019487354552974914,0.00016414441770631977,5,1000
seven_class,all,extra_trees,DIS_Flood,mean_rtt_ms,0.0015419869611209256,0.0002317857055411412,5,1000
seven_class,all,extra_trees,DIS_Flood,app_rx_delta,0.0014826119245461293,0.00026885780636382825,5,1000
seven_class,all,extra_trees,DIS_Flood,root_mac_acked_delta,0.0014555322930749667,0.00019822979834216203,5,1000
seven_class,all,extra_trees,DIS_Flood,app_tx_delta,0.0013606346305550733,0.000254351869818534,5,1000
seven_class,all,extra_trees,DIS_Flood,max_rtt_ms,0.0010500910910799847,0.00014023322129288473,5,1000
seven_class,all,extra_trees,DIS_Flood,std_rtt_ms,0.000896812445048509,0.00017522701247347632,5,1000
seven_class,all,extra_trees,DIS_Flood,median_rtt_ms,0.0007723452955719268,6.032516789845173e-05,5,1000
seven_class,all,extra_trees,DIS_Flood,transaction_count,0.0006891099752187399,0.00011165667920723856,5,1000
seven_class,all,extra_trees,DIS_Flood,p95_rtt_ms,0.000684875842827698,9.607214568653659e-05,5,1000
seven_class,all,extra_trees,DIS_Flood,transaction_success_count,0.0006177784023072636,0.00015585275718414012,5,1000
seven_class,all,extra_trees,DIS_Flood,uplink_success_count,0.0006131655312845749,0.0001379236026495136,5,1000
seven_class,all,extra_trees,DIS_Flood,client_energest_total_delta,0.00032370574804149916,7.061866419753949e-05,5,1000
seven_class,all,extra_trees,DIS_Flood,app_timeouts_delta,0.0001160324034012094,7.579155309671682e-05,5,1000
seven_class,all,extra_trees,DIS_Flood,app_delivery_ratio,8.834030893951638e-05,4.0303760807210136e-05,5,1000
seven_class,all,extra_trees,DIS_Flood,uplink_delivery_ratio,8.246511425515693e-05,4.527887831962131e-05,5,1000
seven_class,all,extra_trees,DIS_Flood,queue_drops_delta,7.838403915473337e-05,4.5252709250268616e-05,5,1000
seven_class,all,extra_trees,DIS_Flood,client_mac_valid_nodes,3.902640683961137e-05,1.0182119322962007e-05,5,1000
seven_class,all,extra_trees,DIS_Flood,client_mac_reset_nodes,3.3955118281646063e-05,5.411402950246796e-06,5,1000
seven_class,all,extra_trees,DIS_Flood,parent_changes_delta,2.120198289012728e-05,9.697439271318561e-06,5,1000
seven_class,all,extra_trees,DIS_Flood,mean_neighbors,0.0,0.0,5,1000
seven_class,all,extra_trees,DIS_Flood,reachable_fraction,0.0,0.0,5,1000
seven_class,all,extra_trees,DIS_Flood,root_mean_rssi,0.0,0.0,5,1000
seven_class,all,extra_trees,DIS_Flood,route_miss_delta,0.0,0.0,5,1000
seven_class,all,extra_trees,RX60,mean_rank,0.039942240703860446,0.0051827602861755796,5,1000
seven_class,all,extra_trees,RX60,mean_etx_x100,0.0398218030790217,0.003016309302791604,5,1000
seven_class,all,extra_trees,RX60,root_mean_etx_x100,0.03895362640970633,0.005793435502636233,5,1000
seven_class,all,extra_trees,RX60,p95_etx_x100,0.02233232395099287,0.0019330765376355749,5,1000
seven_class,all,extra_trees,RX60,mean_rssi,0.016872989188008513,0.005390797882249856,5,1000
seven_class,all,extra_trees,RX60,std_etx_x100,0.014027988672617397,0.0015540734575902823,5,1000
seven_class,all,extra_trees,RX60,client_mac_ack_ratio,0.012553676854720211,0.001048009514096044,5,1000
seven_class,all,extra_trees,RX60,client_energest_tx_delta,0.008805192553331958,0.0015891081669399936,5,1000
seven_class,all,extra_trees,RX60,client_energest_listen_delta,0.008763765150595326,0.000883193850032234,5,1000
seven_class,all,extra_trees,RX60,client_radio_tx_fraction,0.008703369467427913,0.0007225080808989798,5,1000
seven_class,all,extra_trees,RX60,root_mac_rx_delta,0.00850871089586223,0.0008563490842683844,5,1000
seven_class,all,extra_trees,RX60,root_mac_ack_ratio,0.007719357415804123,0.0005050086305126106,5,1000
seven_class,all,extra_trees,RX60,client_mac_acked_delta,0.0074888618472275185,0.00047585640113656145,5,1000
seven_class,all,extra_trees,RX60,client_mac_tx_attempts_delta,0.006988804437389977,0.0008802031865823874,5,1000
seven_class,all,extra_trees,RX60,mean_rtt_ms,0.006133227963582408,0.00044507637833684263,5,1000
seven_class,all,extra_trees,RX60,root_radio_tx_fraction,0.005200521250409919,0.0005645945358205515,5,1000
seven_class,all,extra_trees,RX60,root_energest_tx_delta,0.004242671472538083,0.0003169248738672975,5,1000
seven_class,all,extra_trees,RX60,root_mac_tx_attempts_delta,0.003631308447729642,0.00045263210424877315,5,1000
seven_class,all,extra_trees,RX60,client_mac_rx_delta,0.0033399992774646435,0.00034561384882786464,5,1000
seven_class,all,extra_trees,RX60,median_rtt_ms,0.002195371616855521,0.0005248274405037995,5,1000
seven_class,all,extra_trees,RX60,p95_rtt_ms,0.0020338892327287027,0.0004500537167312436,5,1000
seven_class,all,extra_trees,RX60,max_rtt_ms,0.0013090655872701332,0.00028817834067144,5,1000
seven_class,all,extra_trees,RX60,std_rtt_ms,0.001195179073643066,0.00034820217510745684,5,1000
seven_class,all,extra_trees,RX60,app_tx_delta,0.0004578137434699944,9.751824910186725e-05,5,1000
seven_class,all,extra_trees,RX60,root_server_tx_delta,0.0004370306601511629,7.853399051303581e-05,5,1000
seven_class,all,extra_trees,RX60,root_mac_acked_delta,0.0004358227301529385,5.522480481376427e-05,5,1000
seven_class,all,extra_trees,RX60,client_energest_total_delta,0.0004017308914164927,0.000157797347924979,5,1000
seven_class,all,extra_trees,RX60,root_server_rx_delta,0.000383610224852228,3.4410928170322425e-05,5,1000
seven_class,all,extra_trees,RX60,transaction_count,0.0003593613075706504,0.00010582620771807859,5,1000
seven_class,all,extra_trees,RX60,transaction_success_count,0.0003515617437379732,0.00011499894781863248,5,1000
seven_class,all,extra_trees,RX60,uplink_success_count,0.0003399655862745119,0.000115011875028124,5,1000
seven_class,all,extra_trees,RX60,app_rx_delta,0.00033569345251602403,5.502595416694856e-05,5,1000
seven_class,all,extra_trees,RX60,app_delivery_ratio,0.00020241587884267326,0.00012288470301508833,5,1000
seven_class,all,extra_trees,RX60,client_mac_valid_nodes,0.00017138890671255808,7.17006114035637e-05,5,1000
seven_class,all,extra_trees,RX60,client_mac_reset_nodes,0.00016853001761945279,8.618382232305982e-05,5,1000
seven_class,all,extra_trees,RX60,parent_changes_delta,0.00012199329610457102,5.745397565358448e-05,5,1000
seven_class,all,extra_trees,RX60,app_timeouts_delta,0.00010659272451048691,7.768950156914628e-05,5,1000
seven_class,all,extra_trees,RX60,queue_drops_delta,3.7154344594104584e-05,1.729785826189478e-05,5,1000
seven_class,all,extra_trees,RX60,uplink_delivery_ratio,3.1160665759424525e-05,1.082104191709296e-05,5,1000
seven_class,all,extra_trees,RX60,mean_neighbors,0.0,0.0,5,1000
seven_class,all,extra_trees,RX60,reachable_fraction,0.0,0.0,5,1000
seven_class,all,extra_trees,RX60,root_mean_rssi,0.0,0.0,5,1000
seven_class,all,extra_trees,RX60,route_miss_delta,0.0,0.0,5,1000
seven_class,all,extra_trees,RX75,mean_etx_x100,0.041384843913717634,0.0027526594619595385,5,1000
seven_class,all,extra_trees,RX75,mean_rank,0.038394283763668755,0.00738228925182963,5,1000
seven_class,all,extra_trees,RX75,root_mean_etx_x100,0.03146501682639709,0.002941754683514255,5,1000
seven_class,all,extra_trees,RX75,p95_etx_x100,0.023750117510350725,0.0026807941129757024,5,1000
seven_class,all,extra_trees,RX75,client_mac_ack_ratio,0.016744982879671872,0.0008521976899891968,5,1000
seven_class,all,extra_trees,RX75,std_etx_x100,0.013754804021254253,0.0017771560956087633,5,1000
seven_class,all,extra_trees,RX75,root_mac_rx_delta,0.011462894541682611,0.00017403516440706946,5,1000
seven_class,all,extra_trees,RX75,client_mac_rx_delta,0.010992663595387692,0.0003114666962816292,5,1000
seven_class,all,extra_trees,RX75,root_mac_ack_ratio,0.010377878461790977,0.0012067293582437718,5,1000
seven_class,all,extra_trees,RX75,client_mac_acked_delta,0.009808777656927021,0.00043500618229809626,5,1000
seven_class,all,extra_trees,RX75,mean_rssi,0.009577390910053399,0.0030312499903491683,5,1000
seven_class,all,extra_trees,RX75,client_mac_tx_attempts_delta,0.008384416230250246,0.0008575297004369622,5,1000
seven_class,all,extra_trees,RX75,root_radio_tx_fraction,0.008122090133322168,0.0008590938669624928,5,1000
seven_class,all,extra_trees,RX75,client_energest_listen_delta,0.007654037141739752,0.0008667281128265079,5,1000
seven_class,all,extra_trees,RX75,root_energest_tx_delta,0.007414418400999155,0.0007395376126055199,5,1000
seven_class,all,extra_trees,RX75,client_energest_tx_delta,0.007371062758699125,0.000990562031117726,5,1000
seven_class,all,extra_trees,RX75,client_radio_tx_fraction,0.0073593967280215986,0.0010603845931802475,5,1000
seven_class,all,extra_trees,RX75,root_mac_tx_attempts_delta,0.005248692123057358,0.0006519751506656713,5,1000
seven_class,all,extra_trees,RX75,mean_rtt_ms,0.003709098648235303,0.00037664383939793817,5,1000
seven_class,all,extra_trees,RX75,median_rtt_ms,0.001165660097558135,0.0001716816652699838,5,1000
seven_class,all,extra_trees,RX75,p95_rtt_ms,0.0010613664464582894,0.00020658802695759163,5,1000
seven_class,all,extra_trees,RX75,std_rtt_ms,0.000795356008950927,0.0002196661296989346,5,1000
seven_class,all,extra_trees,RX75,max_rtt_ms,0.0007928371201229715,0.00014442455806455001,5,1000
seven_class,all,extra_trees,RX75,app_tx_delta,0.00063934662908813,9.87450775603811e-05,5,1000
seven_class,all,extra_trees,RX75,client_energest_total_delta,0.0005321711567650784,0.00019447323380139824,5,1000
seven_class,all,extra_trees,RX75,root_server_tx_delta,0.0005062253922894875,0.00012102348978016378,5,1000
seven_class,all,extra_trees,RX75,uplink_success_count,0.00045194733807239746,0.0001540550135193934,5,1000
seven_class,all,extra_trees,RX75,root_server_rx_delta,0.00043596864503157027,3.5576692066217166e-05,5,1000
seven_class,all,extra_trees,RX75,transaction_success_count,0.0004315858957982684,0.00013390599833756298,5,1000
seven_class,all,extra_trees,RX75,root_mac_acked_delta,0.00042626195073208013,7.69693167085076e-05,5,1000
seven_class,all,extra_trees,RX75,transaction_count,0.0004174667218154335,0.00013880039875966162,5,1000
seven_class,all,extra_trees,RX75,app_rx_delta,0.0003420197506929794,5.4210662261180395e-05,5,1000
seven_class,all,extra_trees,RX75,app_delivery_ratio,0.0003071750372321461,0.00012266752714724233,5,1000
seven_class,all,extra_trees,RX75,app_timeouts_delta,0.00027527422182494724,0.00011787517858729849,5,1000
seven_class,all,extra_trees,RX75,client_mac_valid_nodes,0.00017971085338234585,8.586188558993847e-05,5,1000
seven_class,all,extra_trees,RX75,client_mac_reset_nodes,0.0001756393425954875,8.106992312848487e-05,5,1000
seven_class,all,extra_trees,RX75,parent_changes_delta,0.0001703366833925932,7.485394909055773e-05,5,1000
seven_class,all,extra_trees,RX75,queue_drops_delta,3.798227525707178e-05,1.810430087860427e-05,5,1000
seven_class,all,extra_trees,RX75,uplink_delivery_ratio,3.089653553583247e-05,1.2280894461512376e-05,5,1000
seven_class,all,extra_trees,RX75,mean_neighbors,0.0,0.0,5,1000
seven_class,all,extra_trees,RX75,reachable_fraction,0.0,0.0,5,1000
seven_class,all,extra_trees,RX75,root_mean_rssi,0.0,0.0,5,1000
seven_class,all,extra_trees,RX75,route_miss_delta,0.0,0.0,5,1000
seven_class,all,extra_trees,RX90,mean_rank,0.0437035583699201,0.001007391828890803,5,1000
seven_class,all,extra_trees,RX90,mean_etx_x100,0.038274235270313144,0.0033111618868795567,5,1000
seven_class,all,extra_trees,RX90,client_mac_rx_delta,0.02913961619172554,0.0010975490195314352,5,1000
seven_class,all,extra_trees,RX90,p95_etx_x100,0.023326268477804217,0.0004252685489708607,5,1000
seven_class,all,extra_trees,RX90,root_mean_etx_x100,0.023291969876762048,0.0026127473402322173,5,1000
seven_class,all,extra_trees,RX90,root_mac_rx_delta,0.016254340211414087,0.0015993847906794773,5,1000
seven_class,all,extra_trees,RX90,std_etx_x100,0.013732372583819258,0.0013148412321946578,5,1000
seven_class,all,extra_trees,RX90,client_mac_ack_ratio,0.013206428325884898,0.0007070897504624421,5,1000
seven_class,all,extra_trees,RX90,client_radio_tx_fraction,0.013176014992258104,0.0005011746392720647,5,1000
seven_class,all,extra_trees,RX90,client_energest_listen_delta,0.01300868814336601,0.0010248085719813324,5,1000
seven_class,all,extra_trees,RX90,client_energest_tx_delta,0.01291468412331159,0.0008527657042730164,5,1000
seven_class,all,extra_trees,RX90,client_mac_acked_delta,0.012114042910775261,0.0011018730933183194,5,1000
seven_class,all,extra_trees,RX90,mean_rssi,0.010103308225408492,0.005669151192485543,5,1000
seven_class,all,extra_trees,RX90,client_mac_tx_attempts_delta,0.0096952533743713,0.0012690409577501911,5,1000
seven_class,all,extra_trees,RX90,root_mac_ack_ratio,0.008699974811092668,0.0016283345366891306,5,1000
seven_class,all,extra_trees,RX90,root_radio_tx_fraction,0.00591941731860266,0.0006981981282783853,5,1000
seven_class,all,extra_trees,RX90,root_energest_tx_delta,0.005066122097267618,0.0003674060890561121,5,1000
seven_class,all,extra_trees,RX90,root_mac_tx_attempts_delta,0.004057719220952875,0.0004524777285535959,5,1000
seven_class,all,extra_trees,RX90,mean_rtt_ms,0.0021205253846964664,0.00026505761405628376,5,1000
seven_class,all,extra_trees,RX90,p95_rtt_ms,0.0008442078861232414,0.00018122797319023882,5,1000
seven_class,all,extra_trees,RX90,median_rtt_ms,0.0007901980934031541,0.00010556760237114095,5,1000
seven_class,all,extra_trees,RX90,std_rtt_ms,0.0006666807366229643,0.00010074902378998105,5,1000
seven_class,all,extra_trees,RX90,max_rtt_ms,0.0006585859716149962,7.16553927739367e-05,5,1000
seven_class,all,extra_trees,RX90,app_tx_delta,0.0005331157620353664,7.970058253047934e-05,5,1000
seven_class,all,extra_trees,RX90,root_server_tx_delta,0.0005223484872583275,0.0001612699587429542,5,1000
seven_class,all,extra_trees,RX90,root_server_rx_delta,0.0005015722574410171,7.546107054100187e-05,5,1000
seven_class,all,extra_trees,RX90,root_mac_acked_delta,0.0004421720671436936,6.222511198852031e-05,5,1000
seven_class,all,extra_trees,RX90,app_rx_delta,0.0003987446487975545,8.399195316170645e-05,5,1000
seven_class,all,extra_trees,RX90,uplink_success_count,0.00032216608841673593,6.328637800000363e-05,5,1000
seven_class,all,extra_trees,RX90,transaction_success_count,0.00031348940393325264,3.8310548186937864e-05,5,1000
seven_class,all,extra_trees,RX90,transaction_count,0.00031118153676446084,4.03592295904922e-05,5,1000
seven_class,all,extra_trees,RX90,client_mac_valid_nodes,0.00023521791518879326,9.763965440237625e-05,5,1000
seven_class,all,extra_trees,RX90,client_mac_reset_nodes,0.00022826375850123993,0.0001041186113563199,5,1000
seven_class,all,extra_trees,RX90,parent_changes_delta,0.0002177822249929999,0.00011792456768559689,5,1000
seven_class,all,extra_trees,RX90,client_energest_total_delta,0.00020278041094187144,2.8582072803459067e-05,5,1000
seven_class,all,extra_trees,RX90,app_timeouts_delta,0.00019566449619412503,9.81000761717232e-05,5,1000
seven_class,all,extra_trees,RX90,app_delivery_ratio,0.00011529363594698756,6.153241116506073e-05,5,1000
seven_class,all,extra_trees,RX90,uplink_delivery_ratio,1.530559119584343e-05,6.439417444539838e-06,5,1000
seven_class,all,extra_trees,RX90,queue_drops_delta,1.3404231578849995e-05,7.83394693328378e-06,5,1000
seven_class,all,extra_trees,RX90,mean_neighbors,0.0,0.0,5,1000
seven_class,all,extra_trees,RX90,reachable_fraction,0.0,0.0,5,1000
seven_class,all,extra_trees,RX90,root_mean_rssi,0.0,0.0,5,1000
seven_class,all,extra_trees,RX90,route_miss_delta,0.0,0.0,5,1000
seven_class,all,extra_trees,UDP_Flood,client_mac_acked_delta,0.06075279182253588,0.0009238852844426432,5,1000
seven_class,all,extra_trees,UDP_Flood,root_mac_rx_delta,0.05622018130714622,0.002570987100713506,5,1000
seven_class,all,extra_trees,UDP_Flood,client_mac_tx_attempts_delta,0.036576521183294936,0.003334095470743732,5,1000
seven_class,all,extra_trees,UDP_Flood,client_energest_listen_delta,0.020992721945648322,0.0015063778978237107,5,1000
seven_class,all,extra_trees,UDP_Flood,client_energest_tx_delta,0.020069664985632223,0.0015002793314469389,5,1000
seven_class,all,extra_trees,UDP_Flood,client_radio_tx_fraction,0.01953115323263744,0.002153938545297345,5,1000
seven_class,all,extra_trees,UDP_Flood,root_radio_tx_fraction,0.009263702042017164,0.0006780395450942739,5,1000
seven_class,all,extra_trees,UDP_Flood,root_energest_tx_delta,0.008680563623165969,0.0015053129528815735,5,1000
seven_class,all,extra_trees,UDP_Flood,mean_etx_x100,0.006692073600360979,0.0005991941308735495,5,1000
seven_class,all,extra_trees,UDP_Flood,mean_rank,0.006414764935177858,0.0011078913627395872,5,1000
seven_class,all,extra_trees,UDP_Flood,root_mean_etx_x100,0.004815522177841104,0.0005816546255759384,5,1000
seven_class,all,extra_trees,UDP_Flood,client_mac_ack_ratio,0.004433310157920089,0.00038179149762833175,5,1000
seven_class,all,extra_trees,UDP_Flood,client_mac_rx_delta,0.0043693699097599225,0.0001911614024516075,5,1000
seven_class,all,extra_trees,UDP_Flood,p95_etx_x100,0.003364737996143126,0.0004432638273959065,5,1000
seven_class,all,extra_trees,UDP_Flood,root_mac_ack_ratio,0.0025214842795760846,0.0003273486492321683,5,1000
seven_class,all,extra_trees,UDP_Flood,std_etx_x100,0.0016570348391841028,8.498813169751024e-05,5,1000
seven_class,all,extra_trees,UDP_Flood,mean_rssi,0.001293860710088098,0.0006748612926244892,5,1000
seven_class,all,extra_trees,UDP_Flood,root_mac_tx_attempts_delta,0.0012761309858611166,0.0001308420103799848,5,1000
seven_class,all,extra_trees,UDP_Flood,mean_rtt_ms,0.0004976810110282499,5.5202913688271294e-05,5,1000
seven_class,all,extra_trees,UDP_Flood,std_rtt_ms,0.00014879315381399372,4.802071054834355e-05,5,1000
seven_class,all,extra_trees,UDP_Flood,p95_rtt_ms,0.00014422530580768543,3.639607225857927e-05,5,1000
seven_class,all,extra_trees,UDP_Flood,median_rtt_ms,0.0001194224414066748,3.1066891451481254e-05,5,1000
seven_class,all,extra_trees,UDP_Flood,max_rtt_ms,0.00010259638698951246,1.6874148983006692e-05,5,1000
seven_class,all,extra_trees,UDP_Flood,client_mac_valid_nodes,6.218728824711477e-05,3.710769114735498e-05,5,1000
seven_class,all,extra_trees,UDP_Flood,client_mac_reset_nodes,5.043645288451698e-05,2.124003286778036e-05,5,1000
seven_class,all,extra_trees,UDP_Flood,root_mac_acked_delta,4.857472754997881e-05,1.2164091604028729e-05,5,1000
seven_class,all,extra_trees,UDP_Flood,app_rx_delta,4.5954976183828644e-05,2.5358411011724726e-05,5,1000
seven_class,all,extra_trees,UDP_Flood,root_server_rx_delta,4.104516243037933e-05,2.4962268949736867e-05,5,1000
seven_class,all,extra_trees,UDP_Flood,root_server_tx_delta,4.0973959870127686e-05,1.1864329839039672e-05,5,1000
seven_class,all,extra_trees,UDP_Flood,parent_changes_delta,3.320120120281402e-05,1.8791941714191253e-05,5,1000
seven_class,all,extra_trees,UDP_Flood,transaction_success_count,2.9203020948244673e-05,1.2022560289302827e-05,5,1000
seven_class,all,extra_trees,UDP_Flood,transaction_count,2.8006171421636657e-05,1.0273576264886412e-05,5,1000
seven_class,all,extra_trees,UDP_Flood,app_tx_delta,2.346528798497933e-05,9.327099305222166e-06,5,1000
seven_class,all,extra_trees,UDP_Flood,uplink_success_count,2.3117387690973233e-05,2.051414822510211e-05,5,1000
seven_class,all,extra_trees,UDP_Flood,client_energest_total_delta,1.904435556536402e-05,6.225798138620732e-06,5,1000
seven_class,all,extra_trees,UDP_Flood,app_timeouts_delta,1.1865707226425954e-05,7.975682388094436e-06,5,1000
seven_class,all,extra_trees,UDP_Flood,app_delivery_ratio,8.912813394607853e-06,3.524160455029638e-06,5,1000
seven_class,all,extra_trees,UDP_Flood,uplink_delivery_ratio,1.5047552535578122e-06,7.053047383401894e-07,5,1000
seven_class,all,extra_trees,UDP_Flood,queue_drops_delta,6.558143459810041e-07,8.32358191759056e-07,5,1000
seven_class,all,extra_trees,UDP_Flood,mean_neighbors,0.0,0.0,5,1000
seven_class,all,extra_trees,UDP_Flood,reachable_fraction,0.0,0.0,5,1000
seven_class,all,extra_trees,UDP_Flood,root_mean_rssi,0.0,0.0,5,1000
seven_class,all,extra_trees,UDP_Flood,route_miss_delta,0.0,0.0,5,1000
