task,feature_set,model,feature,mean_abs_shap,sd_abs_shap,min_abs_shap,max_abs_shap,folds,explained_samples
attack_subtype,mac,extra_trees,root_mac_rx_delta,0.20573606384945847,0.005968891040956822,0.19649170853544112,0.21301392334201583,5,1000
attack_subtype,mac,extra_trees,client_mac_acked_delta,0.08846036224455607,0.0014319922086609776,0.08713204976491508,0.0905884876534446,5,1000
attack_subtype,mac,extra_trees,client_mac_tx_attempts_delta,0.0805640250957069,0.002283288574591955,0.07821555409317323,0.08396297052441958,5,1000
attack_subtype,mac,extra_trees,client_mac_rx_delta,0.0761124441705703,0.003898933350956356,0.07194968377336747,0.08219953207589108,5,1000
attack_subtype,mac,extra_trees,root_mac_acked_delta,0.008049664933966574,0.0006570480567800468,0.00724986172809575,0.0086780069766333,5,1000
attack_subtype,mac,extra_trees,root_mac_tx_attempts_delta,0.007834982861597485,0.0009491277040638931,0.006695446513087934,0.009146432930435301,5,1000
attack_subtype,mac,extra_trees,client_mac_ack_ratio,0.003479633865652696,0.0006353821908065752,0.002716677462775344,0.004101058189090057,5,1000
attack_subtype,mac,extra_trees,root_mac_ack_ratio,0.0034448616986483297,0.0004189870055778712,0.0029694737877623127,0.004019747314612256,5,1000
attack_subtype,mac,extra_trees,queue_drops_delta,0.0005773027150451345,0.0002572426785421866,0.00025432590890596673,0.0009735382034976079,5,1000
attack_subtype,mac,extra_trees,client_mac_reset_nodes,0.0,0.0,0.0,0.0,5,1000
attack_subtype,mac,extra_trees,client_mac_valid_nodes,0.0,0.0,0.0,0.0,5,1000
binary_attack,mac,extra_trees,client_mac_rx_delta,0.26053289168398114,0.007414440560668807,0.2508329124360911,0.2701088659506187,5,1000
binary_attack,mac,extra_trees,root_mac_rx_delta,0.1092517530430607,0.0029306324882308033,0.10625058881532702,0.11310142413009086,5,1000
binary_attack,mac,extra_trees,client_mac_ack_ratio,0.05972922323438233,0.002253610646009208,0.05690280906291289,0.0626028665482523,5,1000
binary_attack,mac,extra_trees,client_mac_acked_delta,0.05790575091562453,0.002413349769578266,0.05512020632592612,0.06014404599853755,5,1000
binary_attack,mac,extra_trees,root_mac_ack_ratio,0.044354372058324654,0.002566298955854507,0.03997125513130285,0.046745540677879074,5,1000
binary_attack,mac,extra_trees,client_mac_tx_attempts_delta,0.03580511871091055,0.002594671043923045,0.03255082900324024,0.039489764863673456,5,1000
binary_attack,mac,extra_trees,root_mac_tx_attempts_delta,0.017945272817995676,0.0006219234657074199,0.01726573359294057,0.01884930776513648,5,1000
binary_attack,mac,extra_trees,root_mac_acked_delta,0.0018140375063459553,0.0002920958126559587,0.0015664184091792293,0.0022649377602374328,5,1000
binary_attack,mac,extra_trees,client_mac_reset_nodes,0.0006374227146876551,0.00012323514362733533,0.0005271681598554692,0.000831995573501205,5,1000
binary_attack,mac,extra_trees,client_mac_valid_nodes,0.0005486097036056254,0.00010094056535827824,0.00043232040017501,0.0006869402686869311,5,1000
binary_attack,mac,extra_trees,queue_drops_delta,0.00013869954952954675,0.0001558878826269457,4.456654871724212e-05,0.00041628713928290947,5,1000
cause_family,all,random_forest,mean_rank,0.09379167051657993,0.001496681772632134,0.09219072923779541,0.09549953072948357,5,1000
cause_family,all,random_forest,mean_etx_x100,0.059880607536318096,0.002440061526046782,0.05706356017339737,0.06333684976559113,5,1000
cause_family,all,random_forest,client_mac_rx_delta,0.053413660702794095,0.0007709516263399066,0.05274004405576688,0.05471097901631252,5,1000
cause_family,all,random_forest,client_energest_listen_delta,0.050290159712432614,0.0026341890426189334,0.047005602934580275,0.053569127807153644,5,1000
cause_family,all,random_forest,client_energest_tx_delta,0.04865610990668611,0.002780883113511728,0.045109577066609785,0.05214569132048065,5,1000
cause_family,all,random_forest,client_radio_tx_fraction,0.04581286903107208,0.0019262619480957524,0.04342489245886932,0.04838598178518472,5,1000
cause_family,all,random_forest,root_mean_etx_x100,0.03734012106058556,0.003601538934260988,0.03283451775474903,0.04274053814308973,5,1000
cause_family,all,random_forest,p95_etx_x100,0.02706589813460329,0.001537451164819412,0.024625928690460135,0.02869670807177203,5,1000
cause_family,all,random_forest,client_mac_ack_ratio,0.019317798695527938,0.0030405375165783463,0.014982382102792846,0.022847370244410563,5,1000
cause_family,all,random_forest,root_mac_rx_delta,0.01902038408023739,0.0010667141122162797,0.01832983316186822,0.020825207397290595,5,1000
cause_family,all,random_forest,std_etx_x100,0.016414751572169775,0.002279093115552111,0.013173460109945535,0.018827566440231425,5,1000
cause_family,all,random_forest,client_mac_tx_attempts_delta,0.009653137521268878,0.0015477901773299127,0.007702666723886428,0.011812362873838168,5,1000
cause_family,all,random_forest,mean_rssi,0.008083458622470329,0.009061794744815433,0.0013645008661857187,0.021738348494642006,5,1000
cause_family,all,random_forest,client_mac_acked_delta,0.008068459840050479,0.0008564780013391398,0.007080214108658442,0.008954044889490502,5,1000
cause_family,all,random_forest,root_energest_tx_delta,0.007248655848211804,0.000699194822293458,0.0060528451376349645,0.007836339169897844,5,1000
cause_family,all,random_forest,root_mac_ack_ratio,0.006106097052880632,0.0005855550586419553,0.005364593057856081,0.006816262746989901,5,1000
cause_family,all,random_forest,root_radio_tx_fraction,0.005607824396764563,0.00020995007449487878,0.005353551216146106,0.005853222362483932,5,1000
cause_family,all,random_forest,root_mac_tx_attempts_delta,0.005176913998477542,0.0003006443359898067,0.004889155169240932,0.005633033766058163,5,1000
cause_family,all,random_forest,mean_rtt_ms,0.002053447079393935,0.00023834866521441875,0.0018145756757017247,0.002345790615295898,5,1000
cause_family,all,random_forest,median_rtt_ms,0.0011185819792963868,0.0002563259382543204,0.0008332082551003024,0.0015103974121905917,5,1000
cause_family,all,random_forest,p95_rtt_ms,0.0009613533554454379,0.00029031762284409895,0.000738121800778759,0.001350829690620537,5,1000
cause_family,all,random_forest,app_rx_delta,0.0009375941553882054,0.00011063187217518176,0.0008047545421268307,0.0011045535728185527,5,1000
cause_family,all,random_forest,max_rtt_ms,0.0008951666461571878,0.00020131082923218783,0.0007437310851876068,0.0012439559578329273,5,1000
cause_family,all,random_forest,std_rtt_ms,0.0007480364020650776,0.0001888808000309468,0.0005019149046974552,0.0009672390184062276,5,1000
cause_family,all,random_forest,app_tx_delta,0.0006761910556058034,0.00021354618199309188,0.00039377615635532043,0.0008977096305425018,5,1000
cause_family,all,random_forest,root_server_rx_delta,0.0005058933309032004,0.00020835014157048797,0.0003473955603538586,0.0008606502662558829,5,1000
cause_family,all,random_forest,root_server_tx_delta,0.0004890279236736846,0.0001774003439908231,0.00029909687690312254,0.0007038519845054885,5,1000
cause_family,all,random_forest,root_mac_acked_delta,0.00047872358867627403,0.00011402757482096715,0.0003510373875662867,0.0005994228530467551,5,1000
cause_family,all,random_forest,transaction_success_count,0.00035864034027650106,0.0001427166861752346,0.0002246746653069621,0.0005915787051557237,5,1000
cause_family,all,random_forest,uplink_success_count,0.0003448575975641418,0.0001222239856788632,0.00025605655126248944,0.0005506611252557492,5,1000
cause_family,all,random_forest,transaction_count,0.0003280087952608335,0.00012872969993428654,0.00020489828812059326,0.0005444832622662696,5,1000
cause_family,all,random_forest,client_energest_total_delta,0.00016714678015151215,9.908120165597577e-05,6.180407357363471e-05,0.00029288998668834275,5,1000
cause_family,all,random_forest,client_mac_valid_nodes,3.3816013000512053e-05,7.630179603327886e-06,2.3758616613995017e-05,4.211702589750493e-05,5,1000
cause_family,all,random_forest,parent_changes_delta,2.060219275685575e-05,1.816289629452148e-05,4.423382075557917e-06,5.1265157269383454e-05,5,1000
cause_family,all,random_forest,app_timeouts_delta,1.1019678085989764e-05,7.952129603832494e-06,2.8784244190510056e-19,2.141325047553213e-05,5,1000
cause_family,all,random_forest,client_mac_reset_nodes,9.806668206459881e-06,2.6609457411861237e-06,6.117877656435942e-06,1.3070108594968191e-05,5,1000
cause_family,all,random_forest,app_delivery_ratio,5.37634742993647e-06,8.09884832685593e-06,2.506331668582059e-19,1.928600415160319e-05,5,1000
cause_family,all,random_forest,uplink_delivery_ratio,6.744349573073956e-07,1.5080824109407435e-06,1.3313699157982562e-19,3.3721747865356157e-06,5,1000
cause_family,all,random_forest,queue_drops_delta,3.7779985465909053e-07,8.447861569067617e-07,7.586671173579822e-20,1.8889992732945488e-06,5,1000
cause_family,all,random_forest,mean_neighbors,0.0,0.0,0.0,0.0,5,1000
cause_family,all,random_forest,reachable_fraction,0.0,0.0,0.0,0.0,5,1000
cause_family,all,random_forest,root_mean_rssi,0.0,0.0,0.0,0.0,5,1000
cause_family,all,random_forest,route_miss_delta,0.0,0.0,0.0,0.0,5,1000
impairment_severity,routing,extra_trees,mean_rank,0.10707984742854486,0.0065597580489611985,0.09896880825069058,0.11649823774190379,5,1000
impairment_severity,routing,extra_trees,mean_etx_x100,0.09857833324884419,0.004437902699843127,0.09301381179701593,0.1033714703272074,5,1000
impairment_severity,routing,extra_trees,root_mean_etx_x100,0.07190716314988099,0.004338115889314207,0.0654133433536077,0.07751483260139022,5,1000
impairment_severity,routing,extra_trees,p95_etx_x100,0.043577162942018285,0.0023721100774408348,0.04068577396419922,0.0471247277339429,5,1000
impairment_severity,routing,extra_trees,std_etx_x100,0.027184126154311594,0.0009687197581076258,0.025871527837249043,0.02818373403088158,5,1000
impairment_severity,routing,extra_trees,mean_rssi,0.026675060232249782,0.005453843606289849,0.019964463269353062,0.031584265913928225,5,1000
impairment_severity,routing,extra_trees,parent_changes_delta,0.0008523418298157302,0.00020808199315620508,0.0005841254467369181,0.0010811785896686146,5,1000
impairment_severity,routing,extra_trees,mean_neighbors,0.0,0.0,0.0,0.0,5,1000
impairment_severity,routing,extra_trees,root_mean_rssi,0.0,0.0,0.0,0.0,5,1000
seven_class,all,extra_trees,root_mac_rx_delta,0.035789045473732975,0.0013234787676822237,0.034628395795915506,0.03807250217763588,5,1000
seven_class,all,extra_trees,client_mac_rx_delta,0.029463784339022314,0.0008095434928700476,0.02873204774660094,0.0307860560772854,5,1000
seven_class,all,extra_trees,mean_rank,0.02898594759680212,0.0019245141897510974,0.027122353229664345,0.03212568126833808,5,1000
seven_class,all,extra_trees,mean_etx_x100,0.027140723505007975,0.0010134677249733094,0.026111980664606824,0.02866053424085184,5,1000
seven_class,all,extra_trees,root_mean_etx_x100,0.019645567374411022,0.0015696725994823499,0.017812608618820048,0.02209501995690076,5,1000
seven_class,all,extra_trees,client_energest_listen_delta,0.017547103308877505,0.0011210106113094078,0.016701652301037033,0.019490936640575964,5,1000
seven_class,all,extra_trees,client_mac_acked_delta,0.017457591711914487,0.0002545943839942279,0.01717940584733841,0.01787150185460729,5,1000
seven_class,all,extra_trees,client_energest_tx_delta,0.017333936834473585,0.0003755464428390349,0.01686211951023866,0.017729769900406762,5,1000
seven_class,all,extra_trees,client_radio_tx_fraction,0.017122049751798277,0.0004799956201753664,0.016778291423932674,0.017902988261094724,5,1000
seven_class,all,extra_trees,p95_etx_x100,0.016433567182177568,0.0010564961287439626,0.01527729273013731,0.018061368977084772,5,1000
seven_class,all,extra_trees,client_mac_tx_attempts_delta,0.01357488632677364,0.0011065517329110245,0.011865700881578647,0.01460068250579768,5,1000
seven_class,all,extra_trees,client_mac_ack_ratio,0.010990509481492853,0.0004950669176534991,0.010579091540848807,0.011842834053492929,5,1000
seven_class,all,extra_trees,std_etx_x100,0.009855961883862292,0.0006030055247047763,0.008932139681240587,0.010561412999961321,5,1000
seven_class,all,extra_trees,root_radio_tx_fraction,0.007241793141381035,0.00032253945332341987,0.006718615996919344,0.0075378653409451475,5,1000
seven_class,all,extra_trees,root_mac_ack_ratio,0.007133583383476909,0.000654487182148603,0.006566245945263108,0.008221557424398396,5,1000
seven_class,all,extra_trees,mean_rssi,0.006708717930788077,0.0014905229048432728,0.004120945423691142,0.007735154601572839,5,1000
seven_class,all,extra_trees,root_energest_tx_delta,0.006522827556452888,0.0005725521888454507,0.005925111860163528,0.007345163167906764,5,1000
seven_class,all,extra_trees,root_mac_tx_attempts_delta,0.003552395761732079,0.00023613522079681505,0.00318401772391983,0.003763080044879518,5,1000
seven_class,all,extra_trees,mean_rtt_ms,0.0027190694089811794,0.00017611274413810473,0.0025289043675599536,0.0028947146387674097,5,1000
seven_class,all,extra_trees,median_rtt_ms,0.00105578730335699,0.00011361862345237636,0.0008859371921621181,0.0011593375198873394,5,1000
seven_class,all,extra_trees,p95_rtt_ms,0.0009835161364945774,0.0001903149116868536,0.0007175397711025453,0.001240684959392325,5,1000
seven_class,all,extra_trees,root_server_tx_delta,0.0008749115889518265,7.994054418404093e-05,0.0007707289502797593,0.0009883510731617325,5,1000
seven_class,all,extra_trees,std_rtt_ms,0.0008512631586831562,0.0001641798990506616,0.0006087954905431257,0.0010152725984069067,5,1000
seven_class,all,extra_trees,root_server_rx_delta,0.0008239076528706015,5.0941073851621154e-05,0.0007674891107675181,0.0008743797527461112,5,1000
seven_class,all,extra_trees,max_rtt_ms,0.0007999555046441564,8.23854559330222e-05,0.0006987622394820288,0.0008949377880417134,5,1000
seven_class,all,extra_trees,app_tx_delta,0.0007639608656094544,6.271985721699148e-05,0.0006938880971338071,0.0008548154007569711,5,1000
seven_class,all,extra_trees,root_mac_acked_delta,0.0006899057932756313,6.302540899805428e-05,0.0006169092745268897,0.0007757239705386145,5,1000
seven_class,all,extra_trees,app_rx_delta,0.0006759750290206282,8.538785661852439e-05,0.0005484850773648429,0.00076885045448321,5,1000
seven_class,all,extra_trees,transaction_count,0.0004243917928454724,5.2685731934144934e-05,0.00037204159666671727,0.0004928992233205425,5,1000
seven_class,all,extra_trees,transaction_success_count,0.0004076201777182139,6.818275998176256e-05,0.00030124168586512625,0.0004717500306773673,5,1000
seven_class,all,extra_trees,uplink_success_count,0.00039725918865071805,5.0237039376021493e-05,0.00033603927893908705,0.0004380114659064759,5,1000
seven_class,all,extra_trees,client_energest_total_delta,0.00032530959518094866,8.543680767888815e-05,0.00024306063452349147,0.00047046289494743576,5,1000
seven_class,all,extra_trees,app_timeouts_delta,0.00013646124178049552,5.262312344522374e-05,7.848059650796636e-05,0.0002125492315661121,5,1000
seven_class,all,extra_trees,app_delivery_ratio,0.00012342964850638557,3.9807940914871496e-05,9.770915276743665e-05,0.00019328949365093718,5,1000
seven_class,all,extra_trees,client_mac_valid_nodes,0.00011044090846643242,1.56031987755604e-05,9.415300417097858e-05,0.00013279198988177426,5,1000
seven_class,all,extra_trees,client_mac_reset_nodes,0.00010288070416070218,1.8410036099497223e-05,8.280343775335921e-05,0.00013216862778428178,5,1000
seven_class,all,extra_trees,parent_changes_delta,8.445428464003175e-05,1.8348460557483092e-05,5.969160547034854e-05,0.0001060811866930955,5,1000
seven_class,all,extra_trees,uplink_delivery_ratio,3.857093302186866e-05,1.4537778013495213e-05,1.3982365202416605e-05,5.066599707076992e-05,5,1000
seven_class,all,extra_trees,queue_drops_delta,3.8471980903341636e-05,1.3375324418045902e-05,1.5691836075762103e-05,4.704756380917366e-05,5,1000
seven_class,all,extra_trees,mean_neighbors,0.0,0.0,0.0,0.0,5,1000
seven_class,all,extra_trees,reachable_fraction,0.0,0.0,0.0,0.0,5,1000
seven_class,all,extra_trees,root_mean_rssi,0.0,0.0,0.0,0.0,5,1000
seven_class,all,extra_trees,route_miss_delta,0.0,0.0,0.0,0.0,5,1000
